id,Vtuberå,Youtubeã®URL,æ›²å,ã‚¸ãƒ£ãƒ³ãƒ«,ãƒªãƒªãƒ¼ã‚¹å¹´,æ‰€å±,ã‚¢ã‚¤ã‚³ãƒ³ç”»åƒURL,ä½œè©è€…å,ä½œæ›²è€…å,ç·¨æ›²è€…å,MIXè€…å,æ¥½å™¨æ¼”å¥è€…å,ãƒªãƒŸãƒƒã‚¯ã‚¹ä½œæˆè€…,Xï¼ˆæ—§Twitterï¼‰ã®URL,Youtubeãƒãƒ£ãƒ³ãƒãƒ«URL,ã‚µãƒ–ã‚¹ã‚¯URL,ãƒ­ãƒ¼ãƒå­—,ãƒãƒ³ã‚°ãƒ«æ–‡å­—,ã‚¿ã‚¤ãƒ ã‚¹ã‚¿ãƒ³ãƒ—
1,å…«åƒä»£ã¡ã‚„,https://www.youtube.com/watch?v=CkmJBc6EYWY,Magicurryâ˜†Fighter,,2025,,https://yt3.googleusercontent.com/MGSdDMFzzAs3q5FqaqA3B8GHcGVtNpSNM9vrxbdVbSiBM-30pjsLUupoGEtqUk-Y3Lqt7dvIyuo=s160-c-k-c0x00ffffff-no-rj,å…«åƒä»£ã¡ã‚„,Noshi.,Noshi.,Noshi.,,,https://x.com/CheerChiya,https://www.youtube.com/@CheerChiya,,Chiya Yachiyo,ì¹˜ì•¼ ì•¼ì¹˜ìš”,2025/04/13 20:12:13
2,ç‰‡ ç´å§«,https://www.youtube.com/watch?v=zciEfcPBgJY,ã„ã¡ã«ã•ã‚“ã™ã—ï¼ã‹ãŸã“ã¨è¡Œé€²æ›²(TAKE8 Remix),ãƒ•ã‚£ãƒ¼ãƒãƒ£ãƒ¼ã‚³ã‚¢,2024,,https://yt3.googleusercontent.com/9S6spmpnF9z9DcXXFC1kOGkd79Q_8OuGn0GYbzmXYJQfe1SgKelAvSjcwp-LxNlWDu5z6I6I=s160-c-k-c0x00ffffff-no-rj,Miya,Miya,,ç‰‡ ç´å§«,,å¥(ãŸã‘)â­ï¸ğŸ¹,https://x.com/kata_kotohime,https://www.youtube.com/@Kata_Kotohime,,kata kotohime,ì¹´íƒ€ ì½”í† íˆë©”,2024/09/14 9:30:00
3,èŠ±å’² åƒå¤¢,https://www.youtube.com/watch?v=_TthCkml1x0,ï½— / you ï¼åƒå¤¢ã¨ã‚ãªãŸã®ç‰©èªï¼,J-POP,2023,,https://yt3.googleusercontent.com/NMbJJQEbeF5_ljbP7xeCuZG6sewLnOXD3PEZz12CpRDGE7l832MRikseoIVGuTdWjBIfA3AmEw=s160-c-k-c0x00ffffff-no-rj,åƒèŠ±çµ„,å¥(ãŸã‘)â­ï¸ğŸ¹,å¥(ãŸã‘)â­ï¸ğŸ¹,å¥(ãŸã‘)â­ï¸ğŸ¹,,,,https://www.youtube.com/@ItsumoOsobani,https://linkco.re/yQuRmT30?lang=ja,hanasaki chimu,í•˜ë‚˜ì‚¬í‚¤ ì¹˜ë¬´,2024/09/14 9:33:41
4,ç‰‡ ç´å§«,https://www.youtube.com/watch?v=MV0vSIW-CgM,ã„ã¡ã«ã•ã‚“ã™ã—ï¼ã‹ãŸã“ã¨è¡Œé€²æ›²,,2024,,https://yt3.googleusercontent.com/9S6spmpnF9z9DcXXFC1kOGkd79Q_8OuGn0GYbzmXYJQfe1SgKelAvSjcwp-LxNlWDu5z6I6I=s160-c-k-c0x00ffffff-no-rj,Miya,Miya,Miya,ç‰‡ ç´å§«,,,https://twitter.com/kata_kotohime,https://www.youtube.com/@Kata_Kotohime,,kata kotohime,ì¹´íƒ€ ì½”í† íˆë©”,2024/09/14 11:21:11
5,Tsukumo Sana,https://www.youtube.com/watch?v=R8y1aWMlPOs,Astrogirl,ãƒ•ã‚£ãƒ¼ãƒãƒ£ãƒ¼ãƒ™ãƒ¼ã‚¹,2022,,https://yt3.googleusercontent.com/zczPLp_sj4Qq3CyoGzfXifOdwE7aMHRpUdqbMD9UKvjddBG2NdMrCKElCMUOS6x85BMr2VGuAA=s160-c-k-c0x00ffffff-no-rj,WUNDER RiKU,Ujico*/Snail's House,Ujico*/Snail's House,,,,https://twitter.com/tsukumosana,https://www.youtube.com/@TsukumoSana,https://cover.lnk.to/Astrogirl,Tsukumo Sana,ì¸ ì¿ ëª¨ ì‚¬ë‚˜,2024/09/14 17:53:26
6,æ˜Ÿè¡—ã™ã„ã›ã„,https://www.youtube.com/watch?v=a51VH9BYzZA,Stellar Stellar,,2021,hololive,https://yt3.googleusercontent.com/ytc/AIdro_kLDBK5ksSvk5-XJ6S8e0kWfjy7mVl3jyUkgDeMQ7rlCpU=s160-c-k-c0x00ffffff-no-rj,æ˜Ÿè¡—ã™ã„ã›ã„ ,TAKU INOUE ,TAKU INOUE ,,,,https://twitter.com/suisei_hosimati,https://www.youtube.com/@HoshimachiSuisei,https://suisei.streamlink.to/sss,Hoshimachi Suisei,í˜¸ì‹œë§ˆì¹˜ ìŠ¤ì´ì„¸ì´,2024/09/15 6:36:51
7,ãˆã®ã,https://www.youtube.com/watch?v=I14JkJakGZw,ã‚¹ã‚¿ãƒ¼ãƒˆãƒ©ã‚¤ãƒ³,,2020,,https://yt3.googleusercontent.com/p1nfffQPN41A1yHYX2fzI_L5iKpOhgiOOlWyxiLhX-LM2jNy0tyzlNIenhJJ_ar-xBUFQjo-lQ=s160-c-k-c0x00ffffff-no-rj,ã‚¨ãƒãƒ©ãƒŸã‚ªãƒª,ã‚¨ãƒãƒ©ãƒŸã‚ªãƒª,,,,,https://twitter.com/rbc_geino,https://www.youtube.com/@enogu,,Enogu,ì—ë…¸êµ¬,2024/09/14 11:29:08
8,Marpril,https://www.youtube.com/watch?v=8gAN3hUiVAQ,Girly Cupid,,2019,,https://yt3.googleusercontent.com/ytc/AIdro_mi7D14qgSlpwNZI7_E1tVCS76rTSbkpKhuy6L_tqxRYrY=s160-c-k-c0x00ffffff-no-rj,PSYQUI ,PSYQUI ,PSYQUI ,,,,,https://www.youtube.com/@MarprilChannel,https://music.apple.com/jp/album/girly-cupid-single/1491432689,Marpril,ë§ˆí”„ë¦´,2024/09/14 11:45:23
9,YuNi,https://www.youtube.com/watch?v=BnH6RiFm9f4,é€æ˜å£°å½©,ãƒ•ã‚£ãƒ¼ãƒãƒ£ãƒ¼ãƒ™ãƒ¼ã‚¹,2018,,https://yt3.googleusercontent.com/ytc/AIdro_m_KUysAaTVb7g_hYb4T9AEqw1WBGY6vSj7Bg18WNzZVik=s160-c-k-c0x00ffffff-no-rj,YUC'e,YUC'e,YUC'e,,,,https://twitter.com/_YuNiofficial_,https://www.youtube.com/@YuNivirtualsinger,,YuNi,ìœ ë‹ˆ,2024/09/14 11:37:16
10,Marpril,https://www.youtube.com/watch?v=iomkSVO4j3k,ã‚­ãƒŸã‚¨ãƒ¢ãƒ¼ã‚·ãƒ§ãƒ³,,2021,,https://yt3.googleusercontent.com/ytc/AIdro_mi7D14qgSlpwNZI7_E1tVCS76rTSbkpKhuy6L_tqxRYrY=s160-c-k-c0x00ffffff-no-rj,,kamome sano,kamome sano,,,,,https://www.youtube.com/@MarprilChannel,,Marpril,ë§ˆí”„ë¦´,2024/09/14 11:56:56
11,KMNZ,https://www.youtube.com/watch?v=nhFgmVDPNlo,VR - Virtual Reality,ãƒ•ã‚£ãƒ¼ãƒãƒ£ãƒ¼ãƒ™ãƒ¼ã‚¹,2019,,https://yt3.googleusercontent.com/6owV8Lwll_RyexRoLgTsIbFbnfnCr-C1o24Yu5StQ1uNC_VFq5fmAH1mpaOHrVKy3-rUts0s=s160-c-k-c0x00ffffff-no-rj,KMNCREW,Ujico*/Snail's House,Ujico*/Snail's House,,,,https://twitter.com/KMNSTREET,https://www.youtube.com/@KMNZ,,KMNZ,KMNZ,2024/09/14 12:03:53
12,æ˜Ÿå®®ã¨ã¨,https://www.youtube.com/watch?v=FFtKDxZGs8A,ãƒã‚ªãƒ³ãƒ©ã‚¤ãƒˆ,,2019,,https://yt3.googleusercontent.com/7QtnPn0dUQe2Uj_MjnjQe2FUecKbIUU50PPSeGw7ZqJpNvJ0A_OkCaXu7QFlZeSbLIUnrGk1=s160-c-k-c0x00ffffff-no-rj,,TEMPLIME,TEMPLIME,,,,https://twitter.com/hoshimiya_toto,https://www.youtube.com/@hoshimiyatoto,https://linkco.re/xnNxZh4g,Hoshimiya toto,í˜¸ì‹œë¯¸ì•¼ í† í† ,2024/09/14 18:04:38
13,ã‚­ã‚ºãƒŠã‚¢ã‚¤,https://www.youtube.com/watch?v=4byaJ9w47uU,"Hello, Morning",ãƒ•ã‚£ãƒ¼ãƒãƒ£ãƒ¼ãƒ™ãƒ¼ã‚¹,2018,,https://yt3.googleusercontent.com/tGIJZoN26oD-M5HXGGMC8MizD0iDFdzeaIygX3ArOxSZeJxsRt1IYDrwQgDW5fB9NRAse11-Zg=s160-c-k-c0x00ffffff-no-rj,Kizuna AI,Nor,Nor,,,,https://twitter.com/aichan_nel,https://www.youtube.com/@AIChannel,https://linkco.re/tEh677u9,Kizuna AI,í‚¤ì¦ˆë‚˜ ì•„ì´,2024/09/15 6:45:23
14,ã‚¢ã‚ºãƒãƒªãƒ ,https://www.youtube.com/watch?v=XtlDHnWgGeM,äººé¡ã¿ãªã‚»ãƒ³ãƒ‘ã‚¤ï¼,,2018,,https://yt3.googleusercontent.com/GpXbNm1J8RD4HF7zDZEM2mGMZZkV-Q0EV4T8vth1_esRrTSDRaN4mPOy35AXoXU7e44VWvVb=s160-c-k-c0x00ffffff-no-rj,ç•‘äºœè²´,ã¾ãµã¾ãµ&ç”°ä¸­ç§€å’Œ(MONACA),,,,,https://twitter.com/azuma_lim,https://www.youtube.com/@Azumalim,,Azumalim,ì•„ì¦ˆë§ë¦¼,2024/09/15 20:10:13
15,åå–ã•ãª,https://www.youtube.com/watch?v=-uvosnOrKoc,ã‚¢ãƒã‚«ãƒŸã‚µãƒ,,2021,,https://yt3.googleusercontent.com/Qj-lyidMW6xtEdnv6rDYscGE1kO6K06-i4v8Eiij96YOTo_WdBboLVlEKeE3749ywpyqTec2=s160-c-k-c0x00ffffff-no-rj,åªé‡èœæ‘˜,ç”°ä¸­ç§€å’Œ (MONACA),ç”°ä¸­ç§€å’Œ (MONACA),é«˜é ˆå¯›å…‰ (ãƒ“ã‚¯ã‚¿ãƒ¼ã‚¹ã‚¿ã‚¸ã‚ª),Guitarï¼šå €å´ ç¿”,,https://twitter.com/sana_natori,https://www.youtube.com/@sana_natori,https://nex-tone.link/98488,Natori Sana,ë‚˜í† ë¦¬ ì‚¬ë‚˜,2024/09/15 20:18:28
16,ç™¾ç€¬ãƒ’ãƒãƒŠ,https://www.youtube.com/watch?v=ZrZZWlIoXjo,ä¸æ­»é³¥,ãƒ­ãƒƒã‚¯,2020,å€‹äºº,https://pbs.twimg.com/profile_images/1813339925724770304/BScZIJ0A_400x400.jpg,ç™¾ç€¬ãƒ’ãƒãƒŠ,okogeï¼ç™¾ç€¬ãƒ’ãƒãƒŠ,,,,,https://x.com/hibana_moyuru,https://www.youtube.com/@hibanamomose,,hibana momose,íˆë°”ë‚˜ ëª¨ëª¨ì„¸,2024/09/16 7:05:09
17,ã—ãã‚Œã†ã„,https://www.youtube.com/watch?v=Ci_zad39Uhw,ç²›è–!! ãƒ­ãƒªç¥ãƒ¬ã‚¯ã‚¤ã‚¨ãƒ â˜†,,2022,,https://yt3.googleusercontent.com/ytc/AIdro_m6xQ9ez0I8lnwswHqAns9ZRPsaCCutfzu6eUbM7pwzqsA=s160-c-k-c0x00ffffff-no-rj,ã¾ã‚ã‚“ï¼ˆIOSYSï¼‰,D.wattï¼ˆIOSYSï¼‰,D.wattï¼ˆIOSYSï¼‰,D.wattï¼ˆIOSYSï¼‰,,,https://twitter.com/ui_shig,https://www.youtube.com/@ui_shig,,Shigure Ui,ì‹œêµ¬ë ˆ ìš°ì´,2024/09/16 9:46:35
18,ç‹¼æœ—ãƒãƒ„ã‚­,https://www.youtube.com/watch?v=kS6saxLH7xY,shoot the moon,ãƒ­ãƒƒã‚¯,2024,ã‚†ã‚°ãƒ‰ãƒ©ã‚·ã‚‹projectæ‰€å±,https://pbs.twimg.com/profile_images/1803120480104402944/llNbdysT_400x400.jpg,NIL,NIL,,ç™½å™›ã¾ã—ã‚…ãƒ¼,,,https://x.com/rou_hatsuki,https://www.youtube.com/@rou_hatsuki,,rou_hatsuki,rou_hatsuki,2024/09/16 10:53:53
19,æ™‚ç¾½ã‚ã„ã®,https://www.youtube.com/watch?v=lH1rQxoCTKA, Abyss,ãƒ­ãƒƒã‚¯,2023,å€‹äºº,https://pbs.twimg.com/profile_images/1819843205241991168/LVY8t6-k_400x400.jpg,æ™‚ç¾½ã‚ã„ã®,Ucchii0-ã†ã£ã¡ãƒ¼ãœã‚-,,Ucchii0-ã†ã£ã¡ãƒ¼ãœã‚-,,,https://x.com/tokiwa_aino,https://www.youtube.com/@tokiwaaino,,tokiwa aino,í† í‚¤ì™€ ì•„ì´ë…¸,2024/09/16 10:59:35
20,æ‹ç„ãŠã¨ã­,https://www.youtube.com/watch?v=0hsDpr9fN6U,æ‹›æ¥ã€å •ã¨ã™ã¯æ‹ç„ã¸,å’Œé¢¨ãƒ­ãƒƒã‚¯,2023,å€‹äºº,https://yt3.googleusercontent.com/L6eoFrP-YbXTDfhYAI2s5VHV3zHwXBpxQkF1vqUpXl3xSY9t_4dSBLY5hSOctQk8sUBLmXMd=s160-c-k-c0x00ffffff-no-rj,L!sa,L!sa,L!sa,æ‰‹,,,https://x.com/Otone_Rengoku,https://www.youtube.com/@otone_rengoku,,otone rengoku,ì˜¤í†¤ ë Œê³ ì¿ ,2024/09/16 11:03:21
21,ã‚‚ã‹ã‚“,https://www.youtube.com/watch?v=6IL-QAgaZtw,Brilliant Stars,,2024,å€‹äºº,https://pbs.twimg.com/profile_images/1774751753067692032/_Tw2MnCT_400x400.jpg,ä»²æ‘èŠ½è¡£å­,Coma,,, Piano  : ã‚‚ã‹ã‚“,,https://x.com/mokan_mikan,https://www.youtube.com/@mokankamo/featured,,mokan,ëª¨ì¹¸,2024/09/16 11:07:45
22,KMNZ,https://www.youtube.com/watch?v=qL7F5MDcCQo,GALAXY,,2020,,https://yt3.googleusercontent.com/IR-TsVHURr7rg5EMeM9z0kz7BI2igsetV_G0iFpPGpO7RXrZzS-13CgpYUFD2ZydWOlg-yvmrME=s120-c-k-c0x00ffffff-no-rj,KMNZ & KMNCREW,Ujico*/Snail's House,Ujico*/Snail's House,,,,,https://www.youtube.com/@kmnz-sub,https://linkco.re/6mCgCDyt,KMNZ,KMNZ,2024/09/18 23:06:26
23,æ¡œæ¨¹ã¿ã‚Šã‚,https://www.youtube.com/watch?v=wWN7CaIQ2FU,ãƒã‚¤ãƒªãƒ¼ãƒ»ã‚»ãƒ³ã‚·ãƒ†ã‚£ãƒ–ãƒ»ãƒãƒ¼ãƒˆ,ãƒã‚¤ãƒ†ãƒƒã‚¯,2024,,https://yt3.googleusercontent.com/HF6U5QETVzVSdG4Jr9wKg4eJqH-clzOjozozpNe0xR059QBJx0vtOlBGu5pFoVJg3S24oFXgMp0=s160-c-k-c0x00ffffff-no-rj,PSYQUI,PSYQUI,PSYQUI,,,,https://twitter.com/Miria_Sakuragi_,https://www.youtube.com/@Miria_Sakuragi,https://ingrv.es/ole-brsnwu-tw-u4k-8,Miria Sakuragi,ë¯¸ë¦¬ì•„ ì‚¬ì¿ ë¼ê¸°,2024/09/18 23:19:49
24,æœˆãƒç¾å…,https://www.youtube.com/watch?v=L0X1fDI5PJA,ã‚¢ãƒ³ãƒã‚°ãƒ©ãƒ“ãƒ†ã‚£ãƒ»ã‚¬ãƒ¼ãƒ«,,2020,ã«ã˜ã•ã‚“ã˜,https://yt3.googleusercontent.com/2gCGctbaCz5Y-ctWud6trY1fA2bZKdvAfWykd5vkCCpULY6aS6sosb3SGjsBHUHBiUfvciR7=s160-c-k-c0x00ffffff-no-rj,MCTC,TAKU INOUE,TAKU INOUE,,,,https://twitter.com/MitoTsukino,https://www.youtube.com/channel/UCD-miitqNY3nyukJ4Fnf4_A,https://linkco.re/TxuQX8Xc,Tsukino mito,ì¸ í‚¤ë…¸ ë¯¸í† ,2024/09/18 23:28:10
25,Kureiji Ollie,https://www.youtube.com/watch?v=2ZqtRc3fa_s,JOLLIE JOLLIE,,2022,,https://yt3.googleusercontent.com/Df9IibspJL2Dur37_ebWD6n6F0U8Fvp_1QOu5m-d7qqEAn1fRwsMiar4CvSpHrI3wA6uPw2h=s160-c-k-c0x00ffffff-no-rj,KOTONOHOUSE,KOTONOHOUSE,KOTONOHOUSE,,,,https://x.com/kureijiollie,https://www.youtube.com/@KureijiOllie,https://cover.lnk.to/jolliejollie,Kureiji Ollie,ì¿ ë ˆì´ì§€ ì˜¬ë¦¬ì—,2024/09/18 23:38:01
26,æˆŒäº¥ã¨ã“,https://www.youtube.com/watch?v=86jv7aZmm5c,ãƒ†ãƒ¬ã‚¹ã‚³ãƒ¼ãƒ—,,2023,,https://yt3.googleusercontent.com/ytc/AIdro_kWz1o0u_nBBjlCPEUDBZzvJl8Q8hPnUROwhKNsN0SMlA=s160-c-k-c0x00ffffff-no-rj,OSTER project,OSTER project,OSTER project,æœ¨æ‘å¤ªéƒ,,,https://twitter.com/inui_toko,https://www.youtube.com/@InuiToko,,inui Toko,ì´ëˆ„ì´ í† ì½”,2024/09/18 23:42:57
27,æˆŒäº¥ã¨ã“,https://www.youtube.com/watch?v=JRYdJA-QsVI,å…­é“ä¼æ„Ÿã•ã‚“ã½,,2023,,https://yt3.googleusercontent.com/ytc/AIdro_kWz1o0u_nBBjlCPEUDBZzvJl8Q8hPnUROwhKNsN0SMlA=s160-c-k-c0x00ffffff-no-rj,majiko,majiko,majiko,æ‰‹å¡šè²´åš,Guitarï¼æœ¨ä¸‹å“²,,https://twitter.com/inui_toko,https://www.youtube.com/@InuiToko,,inui Toko,ì´ëˆ„ì´ í† ì½”,2024/09/21 13:00:40
28,YuNi,https://www.youtube.com/watch?v=Uk2aOv4TMik,é¢¨å‘³çµ¶ä½³,ãƒ•ã‚£ãƒ¼ãƒãƒ£ãƒ¼ãƒ™ãƒ¼ã‚¹,2023,,https://yt3.googleusercontent.com/ytc/AIdro_m_KUysAaTVb7g_hYb4T9AEqw1WBGY6vSj7Bg18WNzZVik=s160-c-k-c0x00ffffff-no-rj,YUCâ€™e,Nor,Nor,,,,https://twitter.com/_YuNiofficial_,https://www.youtube.com/@YuNivirtualsinger,https://linkco.re/PABh8mbu,YuNi,ìœ ë‹ˆ,2024/09/21 13:09:04
29,å¤©éŸ³ã‹ãªãŸ,https://www.youtube.com/watch?v=mcQs0iQE0bs,ç‰¹è€…ç”Ÿå­˜ãƒ¯ãƒ³ãƒ€ãƒ©ãƒ€ãƒ¼!!,ãƒ­ãƒƒã‚¯,2021,hololive,https://yt3.googleusercontent.com/e5wX9w1xSFUjaUdyhFugYZKzDZ_KLTLWBgdtRohHQDu0pshH867pyOv6gLGuqkqy5Ik8bJ9MSZU=s160-c-k-c0x00ffffff-no-rj,ç”°æ·µæ™ºä¹Ÿ,ç”°æ·µæ™ºä¹Ÿ,"ä½é«˜é™µå¹³ï¼ˆHifumi,inc.ï¼‰",,"guitar : å €å´ ç¿” bass : ç”°æ·µæ™ºä¹Ÿ drum : è£•æœ¨ãƒ¬ã‚ªãƒ³ other all instruments : ä½é«˜é™µå¹³ï¼ˆHifumi,inc.ï¼‰",,https://twitter.com/amanekanatach,https://www.youtube.com/@AmaneKanata,https://kanata.streamlink.to/Wonder-la-der,Amane Kanata,ì•„ë§ˆë„¤ ì¹´ë‚˜íƒ€,2024/09/21 13:14:00
30,å¤©æº€ãƒ‹ã‚¢,https://www.youtube.com/watch?v=WI8vqaJOkA0,ã“ã‚“ã“ã‚“â™¡Fortune Cookie,,2023,,https://yt3.googleusercontent.com/VhPEjVw-A4NsYYHE5Ol-V9bZP2UcCZ1oBAzgQ5-LAR8KDekApywdlq6SCX5w5NAW0Kc1V0Im1A=s160-c-k-c0x00ffffff-no-rj,Matsuri Haruno,Ray_Oh,Ray_Oh,,,,https://twitter.com/amamania_vtuber,https://www.youtube.com/@AmamaNia,https://linkco.re/00z33Xy4,Amama Nia,ì•„ë§ˆë§ˆ ë‹ˆì•„,2024/09/21 14:55:54
31,å‘¨é˜²ãƒ‘ãƒˆãƒ©,https://www.youtube.com/watch?v=uC3ORIZfxdE,ä¸€ç›®æƒšã‚Œãƒ‘ãƒ©ãƒ‰ãƒƒã‚¯ã‚¹,,2020,,https://yt3.googleusercontent.com/KrF9mSTPJKLF816trxzec-yUo9GJ8wM5-rzpdI6NM0bnUkN_LHtfKFcM1ap9GQXlW0xjx5sA9Fs=s160-c-k-c0x00ffffff-no-rj,å‘¨é˜²ãƒ‘ãƒˆãƒ©,å‘¨é˜²ãƒ‘ãƒˆãƒ©,å‘¨é˜²ãƒ‘ãƒˆãƒ©,,,,https://twitter.com/Patra_HNST,https://www.youtube.com/@Patra_Suou,,Patra Suou,íŒŒíŠ¸ë¼ ìˆ˜ìš°,2024/09/21 15:00:21
32,Takanashi Kiara,https://www.youtube.com/watch?v=Lq9eqHDKJPE,SPARKS,,2021,,https://yt3.googleusercontent.com/w7TKJYU7zmamFmf-WxfahCo_K7Bg2__Pk-CCBNnbewMG-77OZLqJO9MLvDAmH9nEkZH8OkWgSQ=s160-c-k-c0x00ffffff-no-rj,KIRA,KIRA,KIRA,,,,https://twitter.com/takanashikiara,https://www.youtube.com/@TakanashiKiara,https://kiara.streamlink.to/SPARKS,Takanashi Kiara,íƒ€ì¹´ë‚˜ì‹œ í‚¤ì•„ë¼,2024/09/21 15:03:11
33,Mori Calliope,https://www.youtube.com/watch?v=YO1V9fn7zYo,Yona Yona Journey,,2021,,https://yt3.googleusercontent.com/8B_T08sx8R7XVi5Mwx_l9sjQm5FGWGspeujSvVDvd80Zyr-3VvVTRGVLOnBrqNRxZp6ZeXAV=s160-c-k-c0x00ffffff-no-rj,TAKU INOUE & Mori Calliope,TAKU INOUE,TAKU INOUE,,Guitar: å¾Œè—¤è²´å¾³ S.sax: æ­¦å¶‹è¡,,https://twitter.com/moricalliope,https://www.youtube.com/@MoriCalliope,https://tf.lnk.to/YonaYonaJourney,Mori Calliope,ëª¨ë¦¬ ì¹¼ë¦¬ì˜¤í˜,2024/09/21 15:11:21
34,æ˜Ÿè¡—ã™ã„ã›ã„,https://www.youtube.com/watch?v=LYFciXBcXIQ,3æ™‚12åˆ†,,2021,hololive,https://yt3.googleusercontent.com/ytc/AIdro_kLDBK5ksSvk5-XJ6S8e0kWfjy7mVl3jyUkgDeMQ7rlCpU=s160-c-k-c0x00ffffff-no-rj,TAKU INOUE,TAKU INOUE,TAKU INOUE,,Guitar Solo: å¾Œè—¤è²´å¾³,,https://twitter.com/suisei_hosimati,https://www.youtube.com/@HoshimachiSuisei,https://tf.lnk.to/SanjiJuunihun,Hoshimachi Suisei,í˜¸ì‹œë§ˆì¹˜ ìŠ¤ì´ì„¸ì´,2024/09/21 15:14:59
35,ç±³äº Mya,https://www.youtube.com/watch?v=fwUBB8Fty5w,è¬›ä½ çŸ¥123ï¼Remix,,2023,,https://yt3.googleusercontent.com/baScniB532qIKARjCDG7UEAOUj6yM1JgW2uLbpPKBfvt8rJWECfGR6NjarllDY549aKMkxYydMw=s160-c-k-c0x00ffffff-no-rj,ç±³äºï¼†ç”˜ç±³,ç±³äºï¼†ç”˜ç±³,,,,Dyako,https://x.com/mya_desu,https://www.youtube.com/@%E7%B1%B3%E4%BA%9E,,ç±³äº Mya,ç±³äº ë¯¸ì•¼,2024/09/22 13:04:30
36,picoco,https://www.youtube.com/watch?v=5csu3dBofNI,SHOOTING GIRL,,2022,,https://yt3.googleusercontent.com/ytc/AIdro_lEdqoI9ki_xyGkhbnkTEnu06Kej7V9BTA5CQ9dnJC9TA=s160-c-k-c0x00ffffff-no-rj,picoco,Toccoyaki,Toccoyaki,,,,https://twitter.com/picoco_egg,https://www.youtube.com/c/picoco_egg,https://linkco.re/1m8apTcu,picoco,í”¼ì½”ì½”,2024/09/22 13:08:44
37,KMNZ LIZ,https://www.youtube.com/watch?v=tE-J5q8OCF0,Home Sweet Home,ãƒ•ã‚£ãƒ¼ãƒãƒ£ãƒ¼ãƒ­ãƒƒã‚¯,2019,,https://yt3.googleusercontent.com/IR-TsVHURr7rg5EMeM9z0kz7BI2igsetV_G0iFpPGpO7RXrZzS-13CgpYUFD2ZydWOlg-yvmrME=s120-c-k-c0x00ffffff-no-rj,Neko Hacker,Neko Hacker,Neko Hacker,,,,,https://www.youtube.com/@kmnz-sub,https://music.apple.com/jp/album/home-sweet-home-feat-kmnz-liz-single/1457815219,KMNZ LIZ,KMNZ ë¦¬ì¦ˆ,2024/09/22 13:12:59
38,Risa Yuzuki,https://www.youtube.com/watch?v=dKqpvcgoz_I,ãƒŸãƒ©ã‚¤ãƒ‘ã‚¹ãƒãƒ¼ãƒˆ,,2023,,https://yt3.googleusercontent.com/Ohc20h05DeXqZnQQhZw6GsOoRM-F-r6yygkH2Oeaf16rZq7auh2ONGOOUo710uZAuKd4nBIX_oM=s160-c-k-c0x00ffffff-no-rj,Risa Yuzuki,EmoCosine,EmoCosine,,,,https://twitter.com/Yuzurisa15,https://www.youtube.com/@Yuzurisa,,Risa Yuzuki,ìœ ì¦ˆí‚¤ ë¦¬ì‚¬,2024/09/22 13:19:17
39,æ˜Ÿè¡—ã™ã„ã›ã„,https://www.youtube.com/watch?v=-oQm8Vk2LBM,ãƒ“ãƒ“ãƒ‡ãƒ(VOLTA remix*),,2024,hololive,https://yt3.googleusercontent.com/ytc/AIdro_kLDBK5ksSvk5-XJ6S8e0kWfjy7mVl3jyUkgDeMQ7rlCpU=s160-c-k-c0x00ffffff-no-rj,ãƒ„ãƒŸã‚­,ãƒ„ãƒŸã‚­,,,,VOLTA,https://twitter.com/suisei_hosimati,https://www.youtube.com/channel/UCrzT1p8gn0hQTBeMA6e2YiA,https://hoshimachisuisei.lnk.to/BIBBIDIBA,Hoshimachi Suisei,í˜¸ì‹œë§ˆì¹˜ ìŠ¤ì´ì„¸ì´,2024/09/22 13:59:29
40,æ˜Ÿè¡—ã™ã„ã›ã„,https://www.youtube.com/watch?v=8ZP5eqm4JqM,ãƒ“ãƒ“ãƒ‡ãƒ,,2024,hololive,https://yt3.googleusercontent.com/ytc/AIdro_kLDBK5ksSvk5-XJ6S8e0kWfjy7mVl3jyUkgDeMQ7rlCpU=s160-c-k-c0x00ffffff-no-rj,ãƒ„ãƒŸã‚­,ãƒ„ãƒŸã‚­,ãƒ„ãƒŸã‚­,NNZN,,,https://twitter.com/suisei_hosimati,https://www.youtube.com/channel/UCrzT1p8gn0hQTBeMA6e2YiA,https://hoshimachisuisei.lnk.to/BIBBIDIBA,Hoshimachi Suisei,í˜¸ì‹œë§ˆì¹˜ ìŠ¤ì´ì„¸ì´,2024/09/22 14:01:11
41,æ˜Ÿè¡—ã™ã„ã›ã„,https://www.youtube.com/watch?v=h0JrFYBqgEU,Midnight Mission,,2023,hololive,https://yt3.googleusercontent.com/ytc/AIdro_kLDBK5ksSvk5-XJ6S8e0kWfjy7mVl3jyUkgDeMQ7rlCpU=s160-c-k-c0x00ffffff-no-rj,TAKU INOUE,TAKU INOUE,TAKU INOUE,,,,https://twitter.com/suisei_hosimati,https://www.youtube.com/channel/UCrzT1p8gn0hQTBeMA6e2YiA,https://tf.lnk.to/MidnightMission,Hoshimachi Suisei,í˜¸ì‹œë§ˆì¹˜ ìŠ¤ì´ì„¸ì´,2024/09/22 14:04:54
42,æ˜Ÿè¡—ã™ã„ã›ã„,https://www.youtube.com/watch?v=mRgslQ5Z-kU,ã‚½ãƒ¯ãƒ¬,ãƒ­ãƒƒã‚¯,2023,hololive,https://yt3.googleusercontent.com/ytc/AIdro_kLDBK5ksSvk5-XJ6S8e0kWfjy7mVl3jyUkgDeMQ7rlCpU=s160-c-k-c0x00ffffff-no-rj,nanahoshi orchestra,Takashi Iwami,Takashi Iwami,,,,https://twitter.com/suisei_hosimati,https://www.youtube.com/channel/UCrzT1p8gn0hQTBeMA6e2YiA,,Hoshimachi Suisei,í˜¸ì‹œë§ˆì¹˜ ìŠ¤ì´ì„¸ì´,2024/09/22 14:08:19
43,somunia,https://www.youtube.com/watch?v=L2t_ZE5WMrw,wish,,2021,,https://yt3.googleusercontent.com/-xtbunUFbfNxEmGec7aEQ4mU62F-yHmtwgKnbW6fMd9eOvECEtFMwfXyKH1bVMGacokWz4OdVg=s160-c-k-c0x00ffffff-no-rj,,aiobahn,aiobahn,,,,https://twitter.com/she_is_wired,https://www.youtube.com/@somunia_official,,somunia,ì†Œë¬´ë‹ˆì•„,2024/09/22 19:31:12
44,Kureiji Ollie,https://www.youtube.com/watch?v=CswOsZYY_zc,NEW[zom]BIE!!,,2023,,https://yt3.googleusercontent.com/Df9IibspJL2Dur37_ebWD6n6F0U8Fvp_1QOu5m-d7qqEAn1fRwsMiar4CvSpHrI3wA6uPw2h=s160-c-k-c0x00ffffff-no-rj,æ«»æ¾¤ãƒ’ã‚«ãƒ« & é½‹è—¤å¤§,yuzen,yuzen,,,,https://twitter.com/kureijiollie,https://www.youtube.com/@KureijiOllie,https://cover.lnk.to/NEWzomBIE,Kureiji Ollie,ì¿ ë ˆì´ì§€ ì˜¬ë¦¬ì—,2024/09/22 23:38:18
45,ã«ã˜ã•ã‚“ã˜,https://www.youtube.com/watch?v=zPMWAj54Seg,Virtual to LIVE,,2019,ã«ã˜ã•ã‚“ã˜,https://yt3.googleusercontent.com/ytc/AIdro_mE4tURUtYcI1ky38Iz3MQncishsB2llt7oPo1mFNYQ5WI=s160-c-k-c0x00ffffff-no-rj,kz,kz,kz,,,,https://x.com/nijisanji_app,https://www.youtube.com/@nijisanji,,nijisanji,ë‹ˆì§€ì‚°ì§€,2024/09/22 23:42:16
46,ã‚­ã‚ºãƒŠã‚¢ã‚¤,https://www.youtube.com/watch?v=AOHCRz4XnV8,Again,,2020,,https://yt3.googleusercontent.com/tGIJZoN26oD-M5HXGGMC8MizD0iDFdzeaIygX3ArOxSZeJxsRt1IYDrwQgDW5fB9NRAse11-Zg=s160-c-k-c0x00ffffff-no-rj,Kizuna AI & æŸ¿æœ¬è«–ç†,TAKU INOUE,TAKU INOUE,,,,https://twitter.com/aichan_nel,https://www.youtube.com/@AIChannel,https://big-up.style/VpRRic0mTF,Kizuna AI,í‚¤ì¦ˆë‚˜ ì•„ì´,2024/09/22 23:48:50
47,ã‚­ã‚ºãƒŠã‚¢ã‚¤,https://www.youtube.com/watch?v=yeD7eAuza74,future base,,2018,,https://yt3.googleusercontent.com/tGIJZoN26oD-M5HXGGMC8MizD0iDFdzeaIygX3ArOxSZeJxsRt1IYDrwQgDW5fB9NRAse11-Zg=s160-c-k-c0x00ffffff-no-rj,Kizuna AI,Yunomi,Yunomi,,,,https://twitter.com/aichan_nel,https://www.youtube.com/@AIChannel,https://linkco.re/apBvxe2H,Kizuna AI,í‚¤ì¦ˆë‚˜ ì•„ì´,2024/09/22 23:53:16
48,ã‚­ã‚ºãƒŠã‚¢ã‚¤,https://www.youtube.com/watch?v=S8dmq5YIUoc,AIAIAI,,2019,,https://yt3.googleusercontent.com/tGIJZoN26oD-M5HXGGMC8MizD0iDFdzeaIygX3ArOxSZeJxsRt1IYDrwQgDW5fB9NRAse11-Zg=s160-c-k-c0x00ffffff-no-rj,ä¸­ç”°ãƒ¤ã‚¹ã‚¿ã‚«,ä¸­ç”°ãƒ¤ã‚¹ã‚¿ã‚«,ä¸­ç”°ãƒ¤ã‚¹ã‚¿ã‚«,,,,https://twitter.com/aichan_nel,https://www.youtube.com/@AIChannel,https://music.apple.com/jp/album/aiaiai-feat-%E4%B8%AD%E7%94%B0%E3%83%A4%E3%82%B9%E3%82%BF%E3%82%AB-single/1454477904,Kizuna AI,í‚¤ì¦ˆë‚˜ ì•„ì´,2024/09/22 23:57:07
49,ã‚­ã‚ºãƒŠã‚¢ã‚¤,https://www.youtube.com/watch?v=X-6foRGSjPg,melty world,,2018,,https://yt3.googleusercontent.com/tGIJZoN26oD-M5HXGGMC8MizD0iDFdzeaIygX3ArOxSZeJxsRt1IYDrwQgDW5fB9NRAse11-Zg=s160-c-k-c0x00ffffff-no-rj,Kizuna AI,TeddyLoid,TeddyLoid,,,,https://twitter.com/aichan_nel,https://www.youtube.com/@AIChannel,https://linkco.re/76mZsGN2,Kizuna AI,í‚¤ì¦ˆë‚˜ ì•„ì´,2024/09/22 23:59:39
50,ã‚­ã‚ºãƒŠã‚¢ã‚¤,https://www.youtube.com/watch?v=OIdlW0u3ZXc,over the reality,,2018,,https://yt3.googleusercontent.com/tGIJZoN26oD-M5HXGGMC8MizD0iDFdzeaIygX3ArOxSZeJxsRt1IYDrwQgDW5fB9NRAse11-Zg=s160-c-k-c0x00ffffff-no-rj,Avec Avec / Kizuna AI,Avec Avec,Avec Avec,,,,https://twitter.com/aichan_nel,https://www.youtube.com/@AIChannel,https://linkco.re/Xccg78BR,Kizuna AI,í‚¤ì¦ˆë‚˜ ì•„ì´,2024/09/23 0:04:38
51,ã‚­ã‚ºãƒŠã‚¢ã‚¤,https://www.youtube.com/watch?v=NJGPF7t368E,"hello,alone",,2018,,https://yt3.googleusercontent.com/tGIJZoN26oD-M5HXGGMC8MizD0iDFdzeaIygX3ArOxSZeJxsRt1IYDrwQgDW5fB9NRAse11-Zg=s160-c-k-c0x00ffffff-no-rj,Kizuna AI,MATZ,MATZ,,,,https://twitter.com/aichan_nel,https://www.youtube.com/@AIChannel,https://linkco.re/hP1QxTVS,Kizuna AI,í‚¤ì¦ˆë‚˜ ì•„ì´,2024/09/23 0:09:52
52,ã‚­ã‚ºãƒŠã‚¢ã‚¤,https://www.youtube.com/watch?v=Q_dnENXIcPg,new world,,2018,,https://yt3.googleusercontent.com/tGIJZoN26oD-M5HXGGMC8MizD0iDFdzeaIygX3ArOxSZeJxsRt1IYDrwQgDW5fB9NRAse11-Zg=s160-c-k-c0x00ffffff-no-rj,Yunomi,Yunomi,Yunomi,,,,https://twitter.com/aichan_nel,https://www.youtube.com/@AIChannel,https://linkco.re/fFDR6nxn,Kizuna AI,í‚¤ì¦ˆë‚˜ ì•„ì´,2024/09/23 0:11:59
53,ã—ãã‚Œã†ã„,https://www.youtube.com/watch?v=9Pod_t-VqgA,Pris-Magic!,,2022,,https://yt3.googleusercontent.com/ytc/AIdro_m6xQ9ez0I8lnwswHqAns9ZRPsaCCutfzu6eUbM7pwzqsA=s160-c-k-c0x00ffffff-no-rj,çƒå±‹èŒ¶æˆ¿,çƒå±‹èŒ¶æˆ¿,ç¯ å´ã‚ã‚„ã¨,,,,https://twitter.com/ui_shig,https://www.youtube.com/@ui_shig,,Shigure Ui,ì‹œêµ¬ë ˆ ìš°ì´,2024/09/22 13:27:41
54,ã—ãã‚Œã†ã„,https://www.youtube.com/watch?v=P8pDGQI9bQQ,å‹æ‰‹ã«ç”Ÿãã¾ã—ã‚‡,,2024,,https://yt3.googleusercontent.com/ytc/AIdro_m6xQ9ez0I8lnwswHqAns9ZRPsaCCutfzu6eUbM7pwzqsA=s160-c-k-c0x00ffffff-no-rj,ã„ã‚ˆã‚,ã„ã‚ˆã‚,ã„ã‚ˆã‚,è—¤å·»å…„å°† (Studio MSR),,,https://twitter.com/ui_shig,https://www.youtube.com/@ui_shig,https://lnk.to/su_ki,Shigure Ui,ì‹œêµ¬ë ˆ ìš°ì´,2024/09/23 6:56:14
55,ã—ãã‚Œã†ã„,https://www.youtube.com/watch?v=5uaHMmcReI0,ã†ã„éº¦ç•‘ã§ã¤ã‹ã¾ãˆã¦,,2024,,https://yt3.googleusercontent.com/ytc/AIdro_m6xQ9ez0I8lnwswHqAns9ZRPsaCCutfzu6eUbM7pwzqsA=s160-c-k-c0x00ffffff-no-rj,ãƒŠãƒŠãƒ›ã‚·ç®¡å¼¦æ¥½å›£,å²©è¦‹ é™¸,ãƒŠãƒŠãƒ›ã‚·ç®¡å¼¦æ¥½å›£,ç…§å†… ç´€é›„(é’è‘‰å°ã‚¹ã‚¿ã‚¸ã‚ª),,,https://twitter.com/ui_shig,https://www.youtube.com/@ui_shig,https://lnk.to/su_ut,Shigure Ui,ì‹œêµ¬ë ˆ ìš°ì´,2024/09/23 6:59:17
56,æ˜Ÿè¡—ã™ã„ã›ã„,https://www.youtube.com/watch?v=kX7ldIKFD60,å¤œã‚’å¾…ã¤ã‚ˆ,,2023,hololive,https://yt3.googleusercontent.com/ytc/AIdro_kLDBK5ksSvk5-XJ6S8e0kWfjy7mVl3jyUkgDeMQ7rlCpU=s160-c-k-c0x00ffffff-no-rj,TAKU INOUE / Suisei Hoshimachi,TAKU INOUE,TAKU INOUE,,,,https://twitter.com/suisei_hosimati,https://www.youtube.com/channel/UCrzT1p8gn0hQTBeMA6e2YiA,https://tf.lnk.to/yoruwomatsuyo,Hoshimachi Suisei,í˜¸ì‹œë§ˆì¹˜ ìŠ¤ì´ì„¸ì´,2024/09/22 19:23:35
57,æ˜Ÿè¡—ã™ã„ã›ã„,https://www.youtube.com/watch?v=IKKar5SS29E,GHOST,,2021,hololive,https://yt3.googleusercontent.com/ytc/AIdro_kLDBK5ksSvk5-XJ6S8e0kWfjy7mVl3jyUkgDeMQ7rlCpU=s160-c-k-c0x00ffffff-no-rj,æ˜Ÿè¡—ã™ã„ã›ã„,ä½è—¤åšä»(Dream Monster),ä½è—¤åšä»(Dream Monster),,"Electric Guitar,Acoustic Guitarï¼šä½è—¤åšä»(Dream Monster) Electric Bassï¼šæ£®æœ¬ç·´ Drumsï¼šåŒ—æ‘æœ›",,https://twitter.com/suisei_hosimati,https://www.youtube.com/channel/UCrzT1p8gn0hQTBeMA6e2YiA,,Hoshimachi Suisei,í˜¸ì‹œë§ˆì¹˜ ìŠ¤ì´ì„¸ì´,2024/09/23 7:02:53
58,èˆé¶´ã‚ˆã‹ã¨,https://www.youtube.com/watch?v=rqJZUprEso0,ã°ã£ã¦ã‚“ï¼ç¦å²¡ï¼ã‚ˆã‹ã‚ã†ã‚‚ã‚“ï¼ï¼Ÿ,ãƒ­ãƒƒã‚¯,2021,,https://yt3.googleusercontent.com/Y8EoksG5ZQaTKUyFXESOapTVmaQj5L9INvugU-f00b5xqUdq2YQ-ttKaYAwq01iLuvI22FHBEQ=s160-c-k-c0x00ffffff-no-rj,KIRARI,KIRARI ï¼ Shotaro,Shotaro,Shotaro,ã‚®ã‚¿ãƒ¼ ãƒ™ãƒ¼ã‚¹ Shotaro,,https://twitter.com/yokato_ch,https://www.youtube.com/@maizuruyokato,https://linkco.re/bu4Z3BPh,Maizuru Yokato,ë§ˆì´ì¦ˆë£¨ ìš”ì¹´í† ,2024/09/21 13:04:16
59,èˆé¶´ã‚ˆã‹ã¨,https://www.youtube.com/watch?v=GCKtqf7yN88,ã‚„ã±ã±ã±ã«ã£ãï¼,,2023,,https://yt3.googleusercontent.com/Y8EoksG5ZQaTKUyFXESOapTVmaQj5L9INvugU-f00b5xqUdq2YQ-ttKaYAwq01iLuvI22FHBEQ=s160-c-k-c0x00ffffff-no-rj,ã²ã˜ã‚Š,ã²ã˜ã‚Š,ã²ã˜ã‚Š,ã²ã˜ã‚Š,,,https://twitter.com/yokato_ch,https://www.youtube.com/@maizuruyokato,https://linkco.re/HGZ8v1f9,Maizuru Yokato,ë§ˆì´ì¦ˆë£¨ ìš”ì¹´í† ,2024/09/23 7:07:47
60,ç”²æ–ç”°æ™´,https://www.youtube.com/watch?v=pmnk1EPoMXs,æ‰èƒ½ãŒç„¡ã„ã‹ã‚‰ä½•ã ,,2024,ã«ã˜ã•ã‚“ã˜,https://yt3.googleusercontent.com/PDk6FBRHOX2VIntWthp1XRRbKjjhQUVt6A1MDa8lsm-B4V6igcnsXHtGGFb-sQV7LnkqJNxnHQ=s160-c-k-c0x00ffffff-no-rj,å €æ±Ÿæ™¶å¤ª,å €æ±Ÿæ™¶å¤ª,å €æ±Ÿæ™¶å¤ª,åŠ è—¤æ™ºæ˜ï¼ˆPOPHOLICï¼‰,"Drumsï¼šã‚†ãƒ¼ã¾ãŠï¼ˆãƒ’ãƒˆãƒªã‚¨ï¼‰ by the courtesy of Sony Music Labels Inc. Guitar, Bass, Programming & All Other Instrumentsï¼šå €æ±Ÿæ™¶å¤ª",,https://twitter.com/Kaida_Haru,https://www.youtube.com/@KaidaHaru,https://linkco.re/dUptry6v?lang=ja,Kaida Haru,ì¹´ì´ë‹¤ í•˜ë£¨,2024/09/23 8:46:01
61,åƒä»£æµ¦è¶ç¾,https://www.youtube.com/watch?v=rBXvnL-T8_s,Butterfly Dream,,2023,,https://yt3.googleusercontent.com/kE_38poKazfrcrZZUNKqE4lRfkbuZhmtuklImVFVwbvrVUHsgre4xA2inks3l5l4EiSjO2ukW5s=s160-c-k-c0x00ffffff-no-rj,ã¿ã•ã¤ã‚“ (ãƒãƒ¬ãƒˆã‚­ãƒ‰ã‚­),ãƒ¦ã‚¦ãƒ•ã‚¸ã‚·ãƒ (ãƒãƒ¬ãƒˆã‚­ãƒ‰ã‚­),ãƒ¦ã‚¦ãƒ•ã‚¸ã‚·ãƒ (ãƒãƒ¬ãƒˆã‚­ãƒ‰ã‚­),,,,https://twitter.com/tiyoura_tiyomi,https://www.youtube.com/@chiyomi0812,https://linkco.re/x7Snrxg9,tiyoura tiyomi,í‹°ìš”ë¼ í‹°ìš”ë¯¸,2024/09/23 8:48:38
62,èŒ¨ã‚€ã‚ã‚“,https://www.youtube.com/watch?v=qXCt8MpxYww,çœ ã‚Šå§«,,2023,,https://yt3.googleusercontent.com/iJvZF4KBELK1_zl7aeywI-TCKZssEtxvBapCLD-VW2Ujk6uxSurWt90dYyVCcn6o1yY9q5F7=s160-c-k-c0x00ffffff-no-rj,adstlaxy,adstlaxy,adstlaxy,adstlaxy,,,https://twitter.com/ibaramuan?s=20,https://www.youtube.com/@ibaramuan,,ibaramuan,ì´ë°”ë¼ë¬´ì•ˆ,2024/09/23 8:50:41
63,ã¨ãã®ãã‚‰,https://www.youtube.com/watch?v=jRaEr1LcbSo,ãŠã‹ãˆã‚Šãªã•ã„,,2024,hololive,https://yt3.googleusercontent.com/iDPSv68iXelfa10APXuRELqClz9h64mVxFPepzGcR50-Nf97tJNMb6uS4QDeV2NnRFN8jeXGNA=s120-c-k-c0x00ffffff-no-rj,æœ¨ä¸‹ é¾å¹³,æœ¨ä¸‹ é¾å¹³,æœ¨ä¸‹ é¾å¹³,,,,https://twitter.com/tokino_sora,https://www.youtube.com/@%E3%81%A8%E3%81%8D%E3%81%AE%E3%81%9D%E3%82%89-e4j,https://jvcmusic.lnk.to/tokinosora_okaerinasai,Tokino sora,í† í‚¤ë…¸ ì†Œë¼,2024/09/23 8:53:27
64,å¤¢é™å¤§ã¿ã‚…ãƒ¼ãŸã„ã·,https://www.youtube.com/watch?v=dkeX5Qy_ths,ã‚³ãƒã‚¯,,2024,,https://yt3.googleusercontent.com/lUwCgOKV_OWLpB-4NvAe89Pla13aJyImFm0xnycBFgLJaz4OMx-PceZY6pVhpVgoyx_DzQw_BA=s160-c-k-c0x00ffffff-no-rj,ä»²ç”ºã‚ã‚‰ã‚Œ / å €æ±Ÿæ™¶å¤ª,å €æ±Ÿæ™¶å¤ª,å €æ±Ÿæ™¶å¤ª,,,,https://twitter.com/BDP_yumemita,https://www.youtube.com/@BDP_yumemita,https://bmu.lnk.to/KOHAKUid,BDP yumemita,BDP ìœ ë©”ë¯¸íƒ€,2024/09/23 8:57:00
65,æ¾æ°¸ä¾ç¹”,https://www.youtube.com/watch?v=uvqANCU-YeE,Awaken Now,,2024,,https://yt3.googleusercontent.com/fIX289ZazRkoZLtXOWQ1NwXQ4IybwxqWx37H1E380rsmZU55HbJ9O4eL-94V2ufTYfffun0a5A=s160-c-k-c0x00ffffff-no-rj,Kanata Okajima,"Kanata Okajima, oni",oni,MEG(MEGMETAL),Guitarï¼šMEG(MEGMETAL),,https://twitter.com/iori_m_RIOT,https://www.youtube.com/@IORIMATSUNAGA,https://blitzwing.lnk.to/AwakenNow,IORI MATSUNAGA,ë§ˆì¸ ë‚˜ê°€ ì´ì˜¤ë¦¬,2024/09/23 9:00:11
66,å·«ã¦ã‚“ã‚Š,https://www.youtube.com/watch?v=3MXBYs0L_RI,ã‚³ã‚³ãƒ­ãƒã‚ªãƒˆ,,2024,,https://yt3.googleusercontent.com/vOaRfnV1pc6GgRRGuXjgbWlwQYVMJmqQY48wOhf3cJFCm3RqPWhq0wAAp9X0tsDOo8W7hB4q=s160-c-k-c0x00ffffff-no-rj,,,,,,,https://twitter.com/kannagi_tenri,https://www.youtube.com/@KannagiTenri,,Kannagi Tenri,ì¹¸ë‚˜ê¸° í…ë¦¬,2024/09/23 9:04:10
67,æˆ‘éƒ¨ã‚Šãˆã‚‹,https://www.youtube.com/watch?v=3GYM2es8kmo,ã‚« ã‚± ã‚´ ãƒˆ,,2023,,https://yt3.googleusercontent.com/U0L4X5cGv8MO4EJMMe41lkPnZptKQ4eHMcPUo2H5vqh2daobRgHU999Xn0VjrasE35rJVbBXkQ=s160-c-k-c0x00ffffff-no-rj,Jun Kuroda (USAGI Production),Jun Kuroda (USAGI Production),Jun Kuroda (USAGI Production),,,,https://twitter.com/rieru_aogiri,https://www.youtube.com/@rieru0830,https://linkco.re/6TsnvTBU,rieru aogiri,ë¦¬ì—ë£¨ ì•„ì˜¤ê¸°ë¦¬,2024/09/23 10:11:20
68,å°é³¥éŠã“ã°ã¨,https://www.youtube.com/watch?v=yjKV4oYH9uk,ãƒ’ãƒ­ã‚¤ãƒ³ã«ãªã‚ŠãŸã„ã£ï¼,,2022,,https://yt3.googleusercontent.com/f9w3QiMPzhc656_saTB4t3Sbbti5jcyIjnAFhPXYCQitLePgEhfN_Y2hftE8POAtyFHxXteTHN0=s160-c-k-c0x00ffffff-no-rj,å°é³¥éŠã“ã°ã¨/å±±ç”°ç´…è‰å­,å±±ç”°ç´…è‰å­,å±±ç”°ç´…è‰å­,å…«ç”°é›…å½¦,,,https://twitter.com/kobatonooyatsu,https://www.youtube.com/@TakanashiKobato,https://linkco.re/6TAehacu,TakanashiKobato,ë‹¤ì¹´ë‚˜ì‹œì½”ë°”í† ,2024/09/23 10:13:58
69,ãã®,https://www.youtube.com/watch?v=P0MlR6jRffc,å…‰ã®é“ã‚’æ­©ã,,2024,,https://yt3.googleusercontent.com/eurc-5Vd05i4ku3SukMnoCj51Zm-FHdEXuSggpYIxHtxhSJd-uA3UMuT-XIyYFAg8wcZ6UUwoA=s160-c-k-c0x00ffffff-no-rj,ã¤ããµã¿,nobo,nobo,ã†ã‚‰ã‚‹,,,https://twitter.com/Vkino513,https://www.youtube.com/@kino513,,kino,í‚¤ë…¸,2024/09/23 10:16:20
70,éŸ¿ã‚†ã„,https://www.youtube.com/watch?v=xUyOEn41AO8,Starlight Parade,,2024,,https://yt3.googleusercontent.com/1MynP65yIZdh7fbgFMISUo4xqRcq76K3X0AL96kBYuDGIFHwazp_kLU0WJROooXGTfpE3kHt=s160-c-k-c0x00ffffff-no-rj,,UnoProject,UnoProject,,,,https://twitter.com/yui_hibiki_ch,https://www.youtube.com/@Hibikiyui,,Hibikiy ui,íˆë¹„í‚¤ UI,2024/09/23 10:18:48
71,ä¹™å¤ã‚Œã„,https://www.youtube.com/watch?v=cT7Zay0PGYg,ãƒ•ã‚£ã‚¢ãƒ³ã‚»ãƒ»ã‚·ãƒ³ãƒ‰ãƒ­ãƒ¼ãƒ ,ãƒ­ãƒƒã‚¯,2024,,https://yt3.googleusercontent.com/xFDH60O4EEX-K-raKlNORM9bbxi7TtvyytBTOClELy41xT5E3lIhwDsjFoHoEe0lYvRjuuq0hw=s160-c-k-c0x00ffffff-no-rj,-K- / POYO,-K- / POYO,-K- / POYO,Kazunari Motoki,Guitarï¼šKiRA,,https://twitter.com/rayotsuka,https://www.youtube.com/@OtsukaRay,,Otsuka Ray,ì˜¤ì¸ ì¹´ ë ˆì´,2024/09/23 11:55:41
72,å…­åŸå°æ£®,https://www.youtube.com/watch?v=YC0HPqgvtvw,å¤œæ›´ â€•ã‚„ã“ã†â€•,,2024,,https://yt3.googleusercontent.com/rRWYm-IklqtjZLmKBSAFCrfjo2lpg-W2cjZE0ZcBpAGcnvnqS9qVUUfUHCvwSWUegf7G_h2ZRcw=s160-c-k-c0x00ffffff-no-rj,å®®è°·ç©ºé¦¬,yureno,yureno,yureno,,,https://twitter.com/666hara_K,https://www.youtube.com/@666haraK,,rokuharakomori,ë¡œì¿ í•˜ë¼ì½”ëª¨ë¦¬,2024/09/23 11:58:13
73,å£±ç™¾æº€å¤©åŸã‚µãƒ­ãƒ¡,https://www.youtube.com/watch?v=CDNbZ28PsEw,â™¡ãµãã‚€ãƒ»ãµããŸï½ã‚‹â™¡,,2024,,https://yt3.googleusercontent.com/8byjg2pgiTXEqVkuJGJC1edUrYf6SKSgwJQJLJqygRQxFMfjC9MQ6DAAfYj6-lPJYXFikuIFOA=s160-c-k-c0x00ffffff-no-rj,ç‰å±‹2060ï¼… (Wienners),ç‰å±‹2060ï¼… (Wienners),ç‰å±‹2060ï¼… (Wienners),,,,https://twitter.com/1000000lome,https://www.youtube.com/@HyakumantenbaraSalome,,Hyakumantenbara Salome,í–ì¿ ë§Œí…ë°”ë¼ ì‚´ë¡œë©”,2024/09/23 12:00:35
74,ç·‹ãƒã‚ã’ã¯,https://www.youtube.com/watch?v=TvMVO1gQ2jA,ãƒªãƒ•ãƒ¬ã‚¤ãƒ³ãƒãƒ¼ãƒˆ,,2024,,https://yt3.googleusercontent.com/CEN-adHsenEhJHl8CqJqA5P86omm9vhVGjizVEadmU6h-1XvxGF2bqk1M4W6lRo3c2Yx1djuvg=s160-c-k-c0x00ffffff-no-rj,ã›ã¡ã‚‡ã‚€,ã›ã¡ã‚‡ã‚€,ã›ã¡ã‚‡ã‚€,,,,https://twitter.com/hino_ageha,https://www.youtube.com/@agehach.8817,,hino ageha,íˆë…¸ ì•„ê²Œí•˜,2024/09/23 12:02:29
75,å¤©ç± ã‚Šã®ã‚“,https://www.youtube.com/watch?v=Y2CZIhbtM4g,è™šç„¡è™šç„¡ã§ã™ã€‚,,2024,,https://yt3.googleusercontent.com/iDuG6R-h-HDMU-6-LUr72CK2VUsNzdav6gAj22O4evNF0BqgZhdCxwY6vv8pNAg3x-MmNMKrJK0=s160-c-k-c0x00ffffff-no-rj,ç”°æ·µæ™ºä¹Ÿ,è‰é‡è¯ä½™å­,eba,ä¸­è°·æµ©å¹³,Bass : å €æ±Ÿæ™¶å¤ª,,https://twitter.com/LinonAmakomo,https://www.youtube.com/@LinonAmakomo,https://orcd.co/kyomukyomudesu,LinonAmakomo,ë¦¬ë…¼ì•„ë§ˆì½”ëª¨,2024/09/23 12:05:45
76,é¹¿é³´ã‚Šã‚,https://www.youtube.com/watch?v=LHL3B7X8Wbw,ç¿”ã¹ã€å›ã‚ˆã€‚,,2024,,https://yt3.googleusercontent.com/KJtpm5ABCXk4MQZSzhPiBOmoBWE4U6wuSKYhxs-6hIa00kxikrjTxoCgwWyxfOTzg84iGWO_Sg=s160-c-k-c0x00ffffff-no-rj,ãˆã‚‹P,ãˆã‚‹P,ãˆã‚‹P,ãˆã‚‹P,,,https://twitter.com/69meeeeeee,https://www.youtube.com/@69meeeeeee,,rokume ria,ë¡œì¿ ë©” ë¦¬ì•„,2024/09/23 12:07:57
77,ãƒ¡ãƒ©ãƒ»ã‚¢ã‚«ãƒ«,https://www.youtube.com/watch?v=uDnar6vwyjM,åƒ•ã¨ã‚ãªãŸã¨,,2024,,https://yt3.googleusercontent.com/-I-6B3aNTr-MH4rvfepQ8SUD86V39Hy2rcZCOduMHqQDv-Uw0zs--guflkf4jOgjPHALDe51tA=s160-c-k-c0x00ffffff-no-rj,ã›ã¡ã‚‡ã‚€ / ãƒ¡ãƒ©ãƒ»ã‚¢ã‚«ãƒ«,ã›ã¡ã‚‡ã‚€,ã›ã¡ã‚‡ã‚€,,,,https://twitter.com/mela_akaru,https://www.youtube.com/@mela_akaru,,mela akaru,ë©œë¼ ì•„ì¹´ë£¨,2024/09/23 12:10:20
78,Figaro,https://www.youtube.com/watch?v=x7D_GaxZwow,æ½®é¨’,,2021,,https://yt3.googleusercontent.com/sbjKpucNRfE92jaBcu0r6Xi2Ftnu4vUBvUHwSnvvyacagIn8JKco_LEzWtAEUxsGvFUgDBnXEw=s160-c-k-c0x00ffffff-no-rj,è¥¿æ£®å¤¢ç†,è¥¿æ£®å¤¢ç†,è¥¿æ£®å¤¢ç†,Figaro,,,https://twitter.com/figaro_qpt,https://www.youtube.com/@Figaro_qpt,,Figaro,í”¼ê°€ë¡œ,2024/09/23 12:12:40
79,èŒœéŸ³ã‚«ãƒ³ãƒŠ,https://www.youtube.com/watch?v=0aVm7fPIYzY,VEIL,,2024,,https://yt3.googleusercontent.com/iaMlkQRME87GkUPDvJvFMv0_o0ngvurhyURtXk1VSjkfNkNLq8cx4kVBv6sPiVpY0PHr97cIDg=s160-c-k-c0x00ffffff-no-rj,ã‚†ã‚ˆã‚†ã£ãº,ã‚†ã‚ˆã‚†ã£ãº,ã‚†ã‚ˆã‚†ã£ãº,,,,https://twitter.com/Canna_Akane,https://www.youtube.com/@Canna_Akane,https://linkco.re/n8S7gXSt,Canna Akane,ì¹¸ë‚˜ ì•„ì¹´ë„¤,2024/09/23 12:14:47
80,æ¶¼æµ·ãƒãƒ¢,https://www.youtube.com/watch?v=dtd34KfBkpQ,UMenity,,2023,,https://yt3.googleusercontent.com/5augQFrZ-_Di__sjKCikWfWR-_Bwrwr8DK-bagofnT1J_q-9kbtJp-tWctirA1gwleMQNM292Q=s160-c-k-c0x00ffffff-no-rj,ANEHOKURO,å°¾å´ å’Œæ¨¹,å°¾å´ å’Œæ¨¹,å°¾å´ å’Œæ¨¹,bassï¼šå²¡å´ çœŸè¼,,https://twitter.com/Nemo_Suzumi,https://www.youtube.com/@Nemo_Suzumi,https://linkco.re/nR5sMgSq,Nemo Suzumi,ë„¤ëª¨ ìŠ¤ì¦ˆë¯¸,2024/09/23 12:17:51
81,MUS1CA,https://www.youtube.com/watch?v=4XDpm4MFTHY,ç„¡åœ°,,2022,,https://yt3.googleusercontent.com/hsRi77zPziLOn54B5ZaIzx4z4JlKWLepFfLd2zjBMDo78MSVK-qim_-x4T-BN_bbojZG8mrJUQo=s160-c-k-c0x00ffffff-no-rj,æµ·é‡æ°´ç‰,æµ·é‡æ°´ç‰,Seiji Iwasaki,,,,https://twitter.com/MUS1CA_vsinger,https://www.youtube.com/@MUS1CA_vsinger,https://linkco.re/FFrXeFA3,MUS1CA,MUS1CA,2024/09/23 13:01:10
82,é™½æœˆã‚‹ã‚‹ãµ,https://www.youtube.com/watch?v=SFZTzM6r2Yo,ã‚¯ãƒ©ãƒ«ãƒ†,,2024,,https://yt3.googleusercontent.com/aqtKFuzJYPdp5_3h8nhq_yGbe6iOlqMrBEhm9iEnkUEUet7z2kd3sJSGjLyPBK-UYvjEFkitDQ=s160-c-k-c0x00ffffff-no-rj,ANEHOKURO,ANEHOKUROãƒ»å°¾å´å’Œæ¨¹,å°¾å´å’Œæ¨¹,,ãƒ™ãƒ¼ã‚¹ï¼šå²¡å´çœŸè¼,,https://twitter.com/RurufuHizuki,https://www.youtube.com/@RurufuHizuki,https://linkco.re/vGfpEZ2N,RurufuHizuki,ë£¨ë£¨í›„íˆì¦ˆí‚¤,2024/09/23 13:04:09
83,ç¨€ç¾½ã™ã†,https://www.youtube.com/watch?v=a9pkXO7hwHA,ã‚‰ã—ãã€‚,,2024,,https://yt3.googleusercontent.com/HgOAxXmO1yZsAbzyutCX0cDpEKuf2y_8qLIp4QlGozgDvIuYmg6381gbdHH4CuwmRN22cpkl=s160-c-k-c0x00ffffff-no-rj,A4ã€‚,A4ã€‚,A4ã€‚,,,,https://twitter.com/usuwasuu,https://www.youtube.com/@Suu_Usuwa,https://linkco.re/Rn0c5QsX,Suu Usuwa,ìš°ìŠ¤ì™€ ìŠ¤ìš°,2024/09/23 13:06:12
84,ã‚ˆã—ã‹â‚,https://www.youtube.com/watch?v=Dwnii-OH5bY,ã‚«ãƒ¢ãƒŸãƒ¼ãƒ«ã«è¸Šã£ã¦,,2024,,https://yt3.googleusercontent.com/2cFQRhxB6YIcxE_6kcR2c24otKzJ28hSVjFfzrtLjgk3PD1bcFSbXOORmOLlz8JzE0kVrd6tArI=s160-c-k-c0x00ffffff-no-rj,å°æ—æœªå¥ˆ,å°æ—æœªå¥ˆ,æ¾æœ¬äº¬ä»‹,,,,https://twitter.com/yosi_k14,https://www.youtube.com/@YOSHIKA-Ch,,YOSHIKA,ìš”ì‹œì¹´,2024/09/23 13:15:33
85,æ˜Ÿé™ã‚ã‚ã‚‹,https://www.youtube.com/watch?v=X0q0FSaOhIo,ã†ã¡ã‚…ãƒ¼çš„ã€ã¾ã˜ã£ãã´ã‚‡ã‚“ã™ã€‚,,2023,,https://yt3.googleusercontent.com/ESXX9yEzj64LQFns4V-L9Ok1EWnivJr5dYs2TN_RhZPF2zfSGngKlaST0vZ5AjA8q5WKxQiScA=s160-c-k-c0x00ffffff-no-rj,åƒçŸ³ãƒŠã‚¿ãƒ‡ã‚³å­ã€æ˜Ÿé™ã‚ã‚ã‚‹ã€MPã®ã¿ã‚“ãª,åƒçŸ³ãƒŠã‚¿ãƒ‡ã‚³å­,åƒçŸ³ãƒŠã‚¿ãƒ‡ã‚³å­,,,,https://twitter.com/ameru_hoshifuru,https://www.youtube.com/@ameru_hoshifuru,https://link-map.jp/links/Pf2NAXtk,ameru_hoshifuru,ameru_hoshifuru,2024/09/23 13:18:15
86,èŠ±è­œ,https://www.youtube.com/watch?v=zXGDQw3vGbU,ã—ã‚…ã’ãƒ¼ãƒã‚¤!!!,,2023,,https://yt3.googleusercontent.com/YBOBxeHkBHjYUU_WGRMkWdi79q0R16GL7hDkq45QZVIqGMkcTMM4NrniBQVO2NCqEXybqvqA=s160-c-k-c0x00ffffff-no-rj,ã‚±ãƒ³ãƒ¢ãƒãƒ’ãƒ‡ãƒ•ãƒŸ,ã‚±ãƒ³ãƒ¢ãƒãƒ’ãƒ‡ãƒ•ãƒŸ,ã‚±ãƒ³ãƒ¢ãƒãƒ’ãƒ‡ãƒ•ãƒŸ,,,,https://twitter.com/virtual_kaf/,https://www.youtube.com/@virtual_kaf,,kaf,ì¹´í”„,2024/09/24 23:17:32
87,å‘¨é˜²ãƒ‘ãƒˆãƒ©,https://www.youtube.com/watch?v=H5F8FkyY2GM,æ¨ã—ã¡ã‚ƒã£ãŸã£ï¼,,2024,,https://yt3.googleusercontent.com/KrF9mSTPJKLF816trxzec-yUo9GJ8wM5-rzpdI6NM0bnUkN_LHtfKFcM1ap9GQXlW0xjx5sA9Fs=s160-c-k-c0x00ffffff-no-rj,å‘¨é˜²ãƒ‘ãƒˆãƒ©,å‘¨é˜²ãƒ‘ãƒˆãƒ©,å‘¨é˜²ãƒ‘ãƒˆãƒ©,,,,https://twitter.com/Patra_HNST,https://www.youtube.com/@Patra_Suou,,Patra Suou,íŒŒíŠ¸ë¼ ìˆ˜ìš°,2024/09/25 20:13:05
88,æœˆæ·±ãƒ„ã‚­,https://www.youtube.com/watch?v=N3NegLh9MYs,Rebooting Mind,,2024,,https://yt3.googleusercontent.com/mkFiTtag_LgQCO3T9Lvt4ru_WekQN_fLNp1NGoI92N8EDPbKvZ4hzFhHdA4JpnvW_YRiaN6NUA=s160-c-k-c0x00ffffff-no-rj,æœˆæ·± ãƒ„ã‚­,ã¿ã‚…ãƒ¼ï¼ˆImyï¼‰,ã¿ã‚…ãƒ¼ï¼ˆImyï¼‰,ã¿ã‚…ãƒ¼ï¼ˆImyï¼‰,Pianoï¼šisshiki,,https://twitter.com/tsukimi_tsuki_,https://www.youtube.com/@Tsukimi_Tsuki,https://linkco.re/Pacsc1ZQ,Tsukimi Tsuki,ì¸ í‚¤ë¯¸ ì¸ í‚¤,2024/09/25 21:21:25
89,ç¹”å§«ã¯ã‚‹ã‹,https://www.youtube.com/watch?v=Bfl96JbJvok,ã‚ªãƒªãƒãƒ«ã‚³ãƒ³,,2024,,https://yt3.googleusercontent.com/MTKpDoR7XSQRA9bggzAiWY7b3hBRCZ-mUwLYV-I9Rod2C9cjjZdI5UrZp563CGlALNGzQeIkrsk=s160-c-k-c0x00ffffff-no-rj,ãã¿ã‚³,ä½ã€…æœ¨æ·³,ä½ã€…æœ¨æ·³,RYOTA HATTANDAï¼ˆVictor STUDIOï¼‰ ,ã‚®ã‚¿ãƒ¼ï¼šã‚µã‚µã‚­ã‚¸ãƒ¥ãƒ³ ãƒ™ãƒ¼ã‚¹ï¼šã‚­ãƒ£ãƒãƒ³ã€€ ãƒ‰ãƒ©ãƒ ï¼šã½ã—ã‹,,https://twitter.com/haruka_orihime,https://www.youtube.com/@haruka_orihime,https://linkco.re/zCbFCFME?lang=ja,haruka orihime,í•˜ë£¨ì¹´ ì˜¤ë¦¬íˆë©”,2024/09/25 21:24:39
90,å®—è°·ã„ã¡ã‹,https://www.youtube.com/watch?v=C80uWHuOZiY,é’ã¯è—ã‚ˆã‚Šå‡ºã§ã¦è—ã‚ˆã‚Šé’ã—,,2024,,https://yt3.googleusercontent.com/Ugui7bmoHS1aQHh1ph_FgBMFvK27pdG6z-sONZ-xkpzKNY5B545FGnWbZHFBBfyBMYHJg4kQrg=s160-c-k-c0x00ffffff-no-rj,ç™½å¤åæ—¥,ç™½å¤åæ—¥,ç™½å¤åæ—¥,ä¸­æ‘æ¶¼çœŸ,Guitarï¼šé¡• -aki-,,https://twitter.com/Ichika_Souya,https://www.youtube.com/@Ichika_Souya,https://linkco.re/NH69ah97,Ichika Souya,ì´ì¹˜ì¹´ ì†Œìš°ì•¼,2024/09/25 21:27:00
91,Ibuki,https://www.youtube.com/watch?v=K0sB53Q909U,Live or Sing,,2024,Revival_Prod  æ‰€å±,https://yt3.googleusercontent.com/_eGWzDwSJklML-Sbrzs3HLEdMKkCAItN5uSOGvMhhQmVbBUtlozK5ibU707dEL9iDO5aznG6=s160-c-k-c0x00ffffff-no-rj,Purukichi,Purukichi,Purukichi,Purukichi,,,https://twitter.com/Ibuki_Kirisaki,https://www.youtube.com/@Ibuki_Kirisaki,https://nex-tone.link/A00161498,Ibuki Kirisaki,í‚¤ë¦¬ì‚¬í‚¤ ì´ë¶€í‚¤,2024/09/25 21:31:06
92,å¤©ç¥å­å…éŸ³,https://www.youtube.com/watch?v=etPbV_6N5lc,CHARACTER,,2024,,https://yt3.googleusercontent.com/ytc/AIdro_m6RhFJS8bcypZqLaSIovfSwgi_WTmy1ImpTh5_2knO6A=s160-c-k-c0x00ffffff-no-rj,5u5h1,5u5h1,5u5h1,è—¤æµª æ½¤ä¸€éƒ,,,https://x.com/kotonegami,https://www.youtube.com/@tenjin-kotone,https://linkco.re/97CtgxMp,tenjin kotone,í…ì§„ ì½”í† ë„¤,2024/09/25 23:17:23
93,å¤šã€…æ˜Ÿã‚«ã‚¤ãƒª,https://www.youtube.com/watch?v=m5Lu2IpPsb8,Inciana,,2024,,https://yt3.googleusercontent.com/CGQLy4nsU1RMeT7JZBaDcAppHZAiNhqBEB9EjTL0DD4ZVxzZ6jtaGFw3GDm7TzxIwN95nQHnwg=s160-c-k-c0x00ffffff-no-rj,Yamu,Yamu,Yamu,,,,https://twitter.com/Kairi_Tadase,https://www.youtube.com/@Kairi_Tadase,https://linkco.re/msaFz4fT,Kairi Tadase,ì¹´ì´ë¦¬ íƒ€ë‹¤ì„¸,2024/09/25 23:47:48
94,å¤¢çœ ã‚†ã‚‰ã‚,https://www.youtube.com/watch?v=RjJHN0ya6zg,Moon Knightã«ãªã‚ŠãŸãã¦,,2024,,https://yt3.googleusercontent.com/SiubUE9eTCtomhg9HtRfW9qeAp0vBHFZmhqK3v9sxDwa5yg4mLJ2RVp7fd2yDYWbap04vXWLvw=s160-c-k-c0x00ffffff-no-rj,AkkeY,AkkeY,AkkeY,,,,https://twitter.com/y_yurame,https://www.youtube.com/@y_yurame,https://nex-tone.link/A00162594,yumemi yurame,ìœ ë©”ë¯¸ ìœ ë¼ë©”,2024/09/25 23:50:44
95,ç¥å’’ã¾ã‚Šã‚,https://www.youtube.com/watch?v=RTkxrQeV7_c,ethereal,,2024,,https://yt3.googleusercontent.com/qExjlDW8XUxX4J3-hm3UeuZqiOpvWFaqM-rkUCZSsCNLrK4QK-VTGIXM9yYeCZEDFYSPkhwOOA=s160-c-k-c0x00ffffff-no-rj,æ¸¡é‚‰å¹¸å•“ (Yukihiro Watanabe),æ¸¡é‚‰å¹¸å•“ (Yukihiro Watanabe),æ¸¡é‚‰å¹¸å•“ (Yukihiro Watanabe),æ¸¡é‚‰å¹¸å•“ (Yukihiro Watanabe),Guitar&manipulator  æ¸¡é‚‰å¹¸å•“(Yukihiro Watanabe)â”‡pianoâ”‡å®‰ä¿ ä¸€å¹³ (Ippei anbo) bassâ”‡é›¨å®®å¥å¸ (Kenji Amemiya) chorusâ”‡å¤§æ£®çœŸç†å­(Mariko Omori),,https://twitter.com/kajiri_maria,https://www.youtube.com/@kajiri_maria,https://linkco.re/6418UG9p,kajiri maria,ì¹´ì§€ë¦¬ ë§ˆë¦¬ì•„,2024/09/25 23:55:23
96,æ°´ç€¬ å‡ª,https://www.youtube.com/watch?v=RjReZ3Sf64k,ãƒœã‚¤ã‚¸ãƒ£ãƒ¼,,2024,,https://yt3.googleusercontent.com/nwn3ZqEkE5XX_MOUmERK2aVab3HElz-p3eSJEhe7BU9ILGZ5jnv6hS7QTKDBCWAsYqDPkgp5=s160-c-k-c0x00ffffff-no-rj,æ°´ç€¬ å‡ª,amazuti,amazuti,å²¡ç”°å‹‰,,,https://twitter.com/minase_nagi7,https://www.youtube.com/@MinaseNagi,https://linkco.re/pbRZvVdN,Minase Nagi,ë¯¸ë‚˜ì„¸ ë‚˜ê¸°,2024/09/25 23:59:15
97,SUGAROCK,https://www.youtube.com/watch?v=JgvNFmYiyHw,The Hero,ãƒ­ãƒƒã‚¯,2024,,https://yt3.googleusercontent.com/n9qLBhHWkyi5HAUIf-2hajWYkf3XnEkohGbVSA4eTh_i4CiMU4W1KjPi_otWf5HaeLBukZqr=s160-c-k-c0x00ffffff-no-rj,SUGAROCK,SUGAROCK,Kenshiro,,Guitarist : Kenshiro,,https://x.com/SUGAROCK_jp,https://www.youtube.com/@SUGAROCK_jp,,SUGAROCK,ìŠˆê°€ë½,2024/09/26 0:05:52
98,æ¨‹å£æ¥“,https://www.youtube.com/watch?v=AV8xxZDeFS4,Reset and...,ãƒ­ãƒƒã‚¯,2024,ã«ã˜ã•ã‚“ã˜,https://yt3.googleusercontent.com/XTYiqdsYzmOeSXWws7XcMM2GnCQZhMirlyqAukliq8CB6VSt5XaWZChrUCXqikkYNGjeGjvu=s160-c-k-c0x00ffffff-no-rj,RUCCA,é¦¬æ¸•ç›´ç´”,é¦¬æ¸•ç›´ç´”,,,,https://twitter.com/Higuchikaede/,https://www.youtube.com/@HiguchiKaede,https://lnk.to/LACA-35110,HiguchiKaede,íˆêµ¬ì¹˜ì¹´ì—ë°,2024/09/26 0:08:24
99,ç„”é­”ã‚‹ã‚Š,https://www.youtube.com/watch?v=W75kx120OYU,ã‚·ã‚ºãƒ ãƒªã‚¦ãƒ ,,2024,,https://yt3.googleusercontent.com/5UN0D41uVUN7WJYjk1TyPXyxhMWe90EKK9rC5hcmfrvdyq_Xq_uI7N0RlnJsExANpnCPt4vYbPY=s160-c-k-c0x00ffffff-no-rj,ã¤ã‚€ãã—ã‚ƒã¡,å¤¢è¦‹ã‚¯ã‚¸ãƒ©,å¤¢è¦‹ã‚¯ã‚¸ãƒ©ãƒ»å¤§æ²¢åœ­ä¸€,,Violinï¼šæ˜Ÿé‡æ²™ç¹”,,https://twitter.com/Ruri_Enma,https://www.youtube.com/@EnmaRuri,https://linkco.re/YYsGqt67,EnmaRuri,ì—”ë§ˆë£¨ë¦¬,2024/09/26 20:37:46
100,é‡£é˜ãµã†ã‚Š,https://www.youtube.com/watch?v=0T7rK1D-6xk,æ†§æ†¬ã®ã‚¸ãƒ§ãƒãƒ³ãƒ‹,,2024,,https://yt3.googleusercontent.com/5x3qp5vHsOqZb7wKCfTfy2hA8X7nZmuTFlpS8v8uK0wR2EL39XZTOe_1O_S_XlidQe8ciXk7=s160-c-k-c0x00ffffff-no-rj,ã®ã†ã¹ã‚“ã°ã‚,ã®ã†ã¹ã‚“ã°ã‚,ã®ã†ã¹ã‚“ã°ã‚,Dios/ã‚·ã‚°ãƒŠãƒ«P,Drum:ä½ã€…æœ¨ãã„ / Bass:ã‚€ã‚ã¿,,https://twitter.com/tsurigane_fuuri,https://www.youtube.com/@tsurigane_fuuri,https://linkco.re/y3FtC2my,tsurigane fuuri,ì“°ë¦¬ê°€ë„¤ í›„ìš°ë¦¬,2024/09/26 20:42:47
101,æ‹ é³¥ãã¾ã‚†,https://www.youtube.com/watch?v=0SydNfKuolA,After Horizon,,2024,,https://yt3.googleusercontent.com/fg0CWtWvGO1BB029wYzGG--JsOEfhAiXdLQbvxQfNUpINQJZMfq6fIt9jkYNxF13LFJ4OPFArPQ=s160-c-k-c0x00ffffff-no-rj,ã•ã‚ã®ã½ã,ã•ã‚ã®ã½ã,ã•ã‚ã®ã½ã,ã•ã‚ã®ã½ã,,,https://twitter.com/461Okmy,https://www.youtube.com/@YorudoKimayuCH,https://linkco.re/umSx7PTc,YorudoKimayu,ìš”ë£¨ë„í‚¤ë§ˆìœ ,2024/09/26 20:45:16
102,ã‚ã‚‚ã‚,https://www.youtube.com/watch?v=d4sU3VaU6N4,Just for you,,2024,,https://yt3.googleusercontent.com/MeRUlC_hRVdBqhEJzzgKRE6BMUj0I66gxTQMLu8KDM1uZryagMLydJaY2xXecUWrvXQBKSys6N8=s160-c-k-c0x00ffffff-no-rj,,ã‚¢ã‚¿ãƒªãƒ¡,ã‚¢ã‚¿ãƒªãƒ¡,ã‚¢ã‚¿ãƒªãƒ¡,,,https://twitter.com/memoa_923,https://www.youtube.com/@memoa_923,https://booth.pm/ja/items/4228725,memoa,ë©”ëª¨,2024/09/26 20:48:07
103,ä¸­å²¡ãªã‚ã‹,https://www.youtube.com/watch?v=HlOgFjWDoAY,CHACHACHAãƒ¯ãƒ³ãƒ€ãƒ¼ãƒ©ãƒ³ãƒ‰,,2022,,https://yt3.googleusercontent.com/dYGn6Y9PtQef51gAE0aEZTudwX63p_CwL4Bi8f197QgVyXGE7gBRf6q9GqZAZaPLjGtuawgMYR8=s160-c-k-c0x00ffffff-no-rj,ä¸­å²¡ãªã‚ã‹,Yomogi,Yomogi,Yomogi,,,https://twitter.com/7naaka,https://www.youtube.com/@naakachan,,nakaoka naaka,ë‚˜ì¹´ì˜¤ì¹´ ë‚˜ì¹´,2024/09/27 7:10:31
104,ä¸­å²¡ãªã‚ã‹,https://www.youtube.com/watch?v=etOcDRInwKM,ã‚ã‚ŠãŸã„,,2023,,https://yt3.googleusercontent.com/dYGn6Y9PtQef51gAE0aEZTudwX63p_CwL4Bi8f197QgVyXGE7gBRf6q9GqZAZaPLjGtuawgMYR8=s160-c-k-c0x00ffffff-no-rj,ä¸­å²¡ãªã‚ã‹,Chiaki,Chiaki,chammy,,,https://twitter.com/7naaka,https://www.youtube.com/@naakachan,,nakaoka naaka,ë‚˜ì¹´ì˜¤ì¹´ ë‚˜ì¹´,2024/09/27 7:12:32
105,æ°´ç€¬ å‡ª,https://www.youtube.com/watch?v=O9In-xgh-wI,ãƒã‚¹ã‚¿ãƒ«ã‚¸ãƒ¼ãƒ»ã‚¹ãƒ†ãƒƒãƒ—,,2023,,https://yt3.googleusercontent.com/nwn3ZqEkE5XX_MOUmERK2aVab3HElz-p3eSJEhe7BU9ILGZ5jnv6hS7QTKDBCWAsYqDPkgp5=s160-c-k-c0x00ffffff-no-rj,,ã‚¢ã‚¶ãƒŸ,ã‚¢ã‚¶ãƒŸ,,Guitarï¼šã‚µã‚«ãƒ¢ãƒˆã‚³ã‚¦ã‚¿ï¼ˆfrom Narco-lepsyï¼‰,,https://twitter.com/minase_nagi7,https://www.youtube.com/@MinaseNagi,https://linkco.re/6XCsUfm5,Minase Nagi,ë¯¸ë‚˜ì„¸ ë‚˜ê¸°,2024/09/27 7:17:20
106,æ°´ç€¬ å‡ª,https://www.youtube.com/watch?v=1XelJhGkVnI,Fly By,,2024,,https://yt3.googleusercontent.com/nwn3ZqEkE5XX_MOUmERK2aVab3HElz-p3eSJEhe7BU9ILGZ5jnv6hS7QTKDBCWAsYqDPkgp5=s160-c-k-c0x00ffffff-no-rj,Aira(Dream Monster),Aira(Dream Monster),Aira(Dream Monster),,Guitar & Bassï¼šAira(Dream Monster),,https://twitter.com/minase_nagi7,https://www.youtube.com/@MinaseNagi,https://linkco.re/RuPC5GDr,Minase Nagi,ë¯¸ë‚˜ì„¸ ë‚˜ê¸°,2024/09/27 7:18:52
107,æ°´ç€¬ å‡ª,https://www.youtube.com/watch?v=bTl7QfP1Gyw,ãƒ¯ãƒ³ã‚¿ã‚™ãƒ©ã‚¹ãƒˆ,,2023,,https://yt3.googleusercontent.com/nwn3ZqEkE5XX_MOUmERK2aVab3HElz-p3eSJEhe7BU9ILGZ5jnv6hS7QTKDBCWAsYqDPkgp5=s160-c-k-c0x00ffffff-no-rj,ä¸­åŸå¾¹ä¹Ÿ ,é’æµ·ä½‘æ¨¹ã€åºƒå³¶æ‹“å¼¥ ,é’æµ·ä½‘æ¨¹ã€åºƒå³¶æ‹“å¼¥ ,,Guitar :  åºƒå³¶æ‹“å¼¥ / Drums : ä¼Šè—¤â€œã‚·ãƒ§ãƒœãƒ³â€å¤ªä¸€,,https://twitter.com/minase_nagi7,https://www.youtube.com/@MinaseNagi,https://linkco.re/1EXANGcp,Minase Nagi,ë¯¸ë‚˜ì„¸ ë‚˜ê¸°,2024/09/27 7:21:07
108,Ouro Kronii,https://www.youtube.com/watch?v=sTxcH54jhPk,è’¼å¤©ã«ç‡ƒã‚†,,2024,holoEN,https://yt3.googleusercontent.com/flg7E5XnFWh-NhGZOydJ2QHMpFdkBGbou0OcYUiYjKVisv8UsY-FiPLrTtexXVUqPmIyDvgC=s160-c-k-c0x00ffffff-no-rj,ãƒŒãƒ“ã‚¢,ko.yo,ko.yo,,,,https://twitter.com/ourokronii,https://www.youtube.com/@OuroKronii,https://cover.lnk.to/xNwoVN,Ouro Kronii,ì˜¤ë£¨ í¬ë¡œë‹ˆì´,2024/09/29 8:05:34
109,é»’ç‡¿ãƒªãƒ©,https://www.youtube.com/watch?v=jwXNEpLmGk4,æ¥½åœ’,,2024,Sony Music VEE,https://yt3.googleusercontent.com/YqNkwLjqf5je2DRRXJZ1d6NOzdbimT6eL4InNXOt3K-DiKWHhVxT_NkSFKm_UdcE2ZhdhNvnIQ=s160-c-k-c0x00ffffff-no-rj,ã‚„ãã¬ã¾ã‹ãª,eba,eba,è—¤å·»å…„å°†,,,https://twitter.com/KOKUYOU_LIRA,https://www.youtube.com/@KOKUYOU_LIRA,https://orcd.co/lira_rakuen,KOKUYOU LIRA,ì½”ì¿ ìš” ë¦¬ë¼,2024/09/29 8:08:41
110,å¾¡ç¥æ¥½ã™ãšã‚,https://www.youtube.com/watch?v=soA42xaGvfE,æœˆè¯ãƒèª“,å’Œé¢¨ãƒ­ãƒƒã‚¯,2024,,https://yt3.googleusercontent.com/WQCWF2PbNE4pNcj-ADvdSoAN_62fl6UR4U7LZE9Msw5RE1v-LCp_TJeU-VVELNc2CX9jAJasDQ=s160-c-k-c0x00ffffff-no-rj,ABM SOUND & å¾¡ç¥æ¥½ã™ãšã‚,ABM SOUND,ABM SOUND,Yousuke Studio,,,https://twitter.com/suzume_mikagura,https://www.youtube.com/@suzume_mikagura,,suzume mikagura,ë¯¸ì¹´êµ¬ë¼ ìŠ¤ì¦ˆë©”,2024/09/23 13:10:58
111,å¾¡ç¥æ¥½ã™ãšã‚,https://www.youtube.com/watch?v=8hj1aNni6lc,Dear...,,2024,,https://yt3.googleusercontent.com/WQCWF2PbNE4pNcj-ADvdSoAN_62fl6UR4U7LZE9Msw5RE1v-LCp_TJeU-VVELNc2CX9jAJasDQ=s160-c-k-c0x00ffffff-no-rj,å¾¡ç¥æ¥½ã™ãšã‚,Linokia,Linokia,,1st&2ndViolin æ¾æœ¬ä¸€ç­–,,https://twitter.com/suzume_mikagura,https://www.youtube.com/@suzume_mikagura,,suzume mikagura,ë¯¸ì¹´êµ¬ë¼ ìŠ¤ì¦ˆë©”,2024/09/29 8:12:31
112,çŒ« The Sappiness,https://www.youtube.com/watch?v=G8atHpG4sVM,Star_Gazer,,2024,,https://yt3.googleusercontent.com/UDZsZ4haOXjXfgKlH3FfqJRPRLXMtRLVIDajhlaxnfxLFMRdzQrJ2UHcyASXKIQh01x64_3VbA=s160-c-k-c0x00ffffff-no-rj,æ˜ŸéŠ€ä¹ƒä¸ˆ å €æ±Ÿæ™¶å¤ª,æ˜ŸéŠ€ä¹ƒä¸ˆ å €æ±Ÿæ™¶å¤ª,æ˜ŸéŠ€ä¹ƒä¸ˆ å €æ±Ÿæ™¶å¤ª,,,,https://twitter.com/nekothe_jp,https://www.youtube.com/@nekothesappiness,https://ssm.lnk.to/NekoTheVerseDay,NEKO The Sappiness,ë„¤ì½” ë” ì‚¬í”¼ë‹ˆìŠ¤,2024/09/29 8:20:16
113,çš‡ ç¾ç·’å¥ˆ,https://www.youtube.com/watch?v=WoXzTofIyv8,ã‚»ãƒ³ãƒˆã‚¨ãƒ«ãƒ¢ã®ç«,,2021,,https://yt3.googleusercontent.com/Cjt_ymLOmoZzqaMZIzqmwB9SkpyqmMt4BoeQxic-Hu5mOsCPuu5AHfAGuQaRG6L_xXeZJDWK=s160-c-k-c0x00ffffff-no-rj,æ¾å´å•“ä»‹,ã•ã¿ã‚…å¼,ã•ã¿ã‚…å¼,,,,https://twitter.com/miona_s_RIOT,https://www.youtube.com/@MIONASUMERAGI,,MIONA SUMERAGI,ë¯¸ì˜¤ë‚˜ ìŠ¤ë©”ë¼ê¸°,2024/09/29 8:23:32
114,çš‡ ç¾ç·’å¥ˆ,https://www.youtube.com/watch?v=Ac6TBbq36Dc,æ˜Ÿç©ºã®èª“ã„,,2023,,https://yt3.googleusercontent.com/Cjt_ymLOmoZzqaMZIzqmwB9SkpyqmMt4BoeQxic-Hu5mOsCPuu5AHfAGuQaRG6L_xXeZJDWK=s160-c-k-c0x00ffffff-no-rj,è—¤åŸå„ªæ¨¹,å¡©åŸå¤§è²´,å¡©åŸå¤§è²´,ç†Šæ‰‹å¾¹,,,https://twitter.com/miona_s_RIOT,https://www.youtube.com/@MIONASUMERAGI,https://blitzwing.lnk.to/hoshizora,MIONA SUMERAGI,ë¯¸ì˜¤ë‚˜ ìŠ¤ë©”ë¼ê¸°,2024/09/29 9:22:27
115,æœå€‰æå­,https://www.youtube.com/watch?v=Ypb8dbvSVhc,ã‚¢ãƒ—ãƒªã‚³ãƒƒãƒˆãƒ–ãƒ­ãƒƒã‚µãƒ ãƒã‚¸ãƒƒã‚¯,,2023,,https://yt3.googleusercontent.com/2tm0b_LWeEZzZGLdeM6Sy0DTPHprf6zdjoIFmeXXVs-e2ew3TOe_Jjc3F6rxHvw-yHEo5vlg8is=s160-c-k-c0x00ffffff-no-rj,å²¡ç”°èª‰ä¹Ÿ,GENMAI,Twinfield,,,,https://twitter.com/anko_a_RIOT,https://www.youtube.com/@ANKOASAKURA,,ANKO ASAKURA,ì•ˆì½” ì•„ì‚¬ì¿ ë¼,2024/09/29 9:25:09
116,æœå€‰æå­,https://www.youtube.com/watch?v=WITuyWb9xuA,ãƒã‚¸æ‹ã·ã‚Œã‚Šã‚…ãƒ¼ã©â™¡LOVEã‚¢ãƒ³ã‚»ãƒ ,,2023,,https://yt3.googleusercontent.com/2tm0b_LWeEZzZGLdeM6Sy0DTPHprf6zdjoIFmeXXVs-e2ew3TOe_Jjc3F6rxHvw-yHEo5vlg8is=s160-c-k-c0x00ffffff-no-rj,å°æ¤‹å¥å¸,å°æ¤‹å¥å¸,å°æ¤‹å¥å¸,æ£®çœŸæ¨¹(agheasprings),,,https://twitter.com/anko_a_RIOT,https://www.youtube.com/@ANKOASAKURA,https://blitzwing.lnk.to/majikoi,ANKO ASAKURA,ì•ˆì½” ì•„ì‚¬ì¿ ë¼,2024/09/29 9:27:00
117,éˆ´æ¾ªã‚¤ãƒ©,https://www.youtube.com/watch?v=k-zqcSZuoBc,Luminariste,,2024,,https://yt3.googleusercontent.com/dfXa92fBMCNx_Da-SGAAC8Ni5sS6dG8l80EJSeTJEB3_aDdIumJGIS5wXpn_fv__B2-H8dHlTQ=s160-c-k-c0x00ffffff-no-rj,éˆ´æ¾ªã‚¤ãƒ©,æ¶¼æœ¨ã‚·ãƒ³ã‚¸,æ¶¼æœ¨ã‚·ãƒ³ã‚¸,Rosso.,,,https://x.com/I_ra_meow,https://www.youtube.com/@I_ra_meow,,Ira Suzu Mio,ì´ë¼ ìŠ¤ì¦ˆ ë¯¸ì˜¤,2024/09/29 9:30:41
118,ã‚¨ãƒ«ã‚»,https://www.youtube.com/watch?v=UOd_pyXqdQ8,æ˜Ÿè© ã¿ã®å”„,,2019,,https://yt3.googleusercontent.com/gLzcW7tkFfC6IZZTdtRei14tGAxY2dThYSA79OyK0FJhq8Twjq2zBAh4sE8yzK-PpYsCsfaCAg=s160-c-k-c0x00ffffff-no-rj,ã•ã‚ã®ã½ã,ã•ã‚ã®ã½ã,ã•ã‚ã®ã½ã,,,,https://twitter.com/Else_PJblue,https://www.youtube.com/@ElsePokiCh,https://www.tunecore.co.jp/artists/Else-Poki,Else,ë˜ ë‹¤ë¥¸,2024/09/29 9:36:24
119,æœªå®µã‚¨ãƒ¬ãƒŠ,https://www.youtube.com/watch?v=3m_cMP_CDIs,Ele night,,2021,,https://yt3.googleusercontent.com/BnvQHRddSPQG-sv_xLMfeKhskmK7lSlzpENsid8M-jbz72FshRHX1wEtEpPFVGzxE8balQPh=s160-c-k-c0x00ffffff-no-rj,ã›ã‚“ã›,ã›ã‚“ã›,æ¥½å™¨å±‹,,,,https://x.com/mayoielena,https://www.youtube.com/c/mayoielenach,,mayoi elena,ë§ˆìš”ì´ ì—˜ë ˆë‚˜,2024/09/29 9:57:46
120,ã­ãƒ¼ã˜ã‚…,https://www.youtube.com/watch?v=zvpKs5jq7FU,ã™ã®ãƒ¼ãŒãƒ¼ã‚‹,,2024,,https://yt3.googleusercontent.com/R9t-esdWZjnw7sqc-DNuiqm8ZHAwPo61IgcPqWHgkTaG8x6K5_XXHvv3Bir-RVAQH2GnKGqyR50=s160-c-k-c0x00ffffff-no-rj,ç¨€é›¨ NeiGeâ›„ã­ãƒ¼ã˜ã‚…,ç¨€é›¨,ç¨€é›¨,,,,https://twitter.com/NeiGe_singer,https://www.youtube.com/@NeiGe_utaite,,NeiGe,ë„¤ì´ì§€,2024/09/29 10:03:26
121,Meemo,https://www.youtube.com/watch?v=AYtDG4PkKUY,Only You,,2024,,https://yt3.googleusercontent.com/fV5WAekEwVcXYfPUGPp5SZdIgz7n-gWL9o6ToDl_MmLIn0eNHAyhXVXwIuOV5J6iAm8jDSBngg=s160-c-k-c0x00ffffff-no-rj,Meemo & Michael Flores,Meemo & Michael Flores,,,,,https://twitter.com/M3Meemo,https://www.youtube.com/@m3meemo,https://music.apple.com/ph/album/only-you-single/1741902782,Meemo,ë¯¸ëª¨,2024/09/29 10:05:59
122,æ¡ƒå ‚ã¾ã²ã‚‹,https://www.youtube.com/watch?v=Tg5hcVd5-VM,Rainy Night Step,,2024,,https://yt3.googleusercontent.com/_Fzw_Lfq1E6KUlkhoNpt4Ih2PNN6nKtY2E8_ziH_mlsCIFlEWb0N5teIJlxq1xNwUIA33vJH=s160-c-k-c0x00ffffff-no-rj,ragia,ragia,ragia,,,,https://twitter.com/todo_mahiru,https://www.youtube.com/@todo_mahiru,https://linkco.re/PGfD8PQz,todo mahiru,í† ë„ ë§ˆíˆë£¨,2024/09/29 10:08:37
123,æŸšç¾½ã¾ãã‚‰,https://www.youtube.com/watch?v=NEhv6rnpOas,ãƒ¬ãƒ—ãƒªã‚«,,2024,,https://yt3.googleusercontent.com/nIaJSnjRLV2ai4uSY_YpHXyFyimVQEqtqwrsgFq9t1gw8HohEO4tRIEBVuyN9IOwnsHlmiGH53Y=s160-c-k-c0x00ffffff-no-rj,KIRARI,Shotaro,Shotaro,,,,https://twitter.com/yuzuhamakura,https://www.youtube.com/@yuzuhamakura,https://linkco.re/SfUFbcqe,yuzuha makura,ìœ ì¦ˆí•˜ ë§ˆì¿ ë¼,2024/09/29 10:11:05
124,æŸšç¾½ã¾ãã‚‰,https://www.youtube.com/watch?v=p3lpSbCxArI,SparkleÃ—Sparkle,,2022,,https://yt3.googleusercontent.com/nIaJSnjRLV2ai4uSY_YpHXyFyimVQEqtqwrsgFq9t1gw8HohEO4tRIEBVuyN9IOwnsHlmiGH53Y=s160-c-k-c0x00ffffff-no-rj,å±±é‡è¾ºç¿”å¹³,B.b.B,B.b.B,B.b.B,,,https://twitter.com/yuzuhamakura,https://www.youtube.com/@yuzuhamakura,https://linkco.re/bxG4A0aR,yuzuha makura,ìœ ì¦ˆí•˜ ë§ˆì¿ ë¼,2024/09/30 21:27:57
125,æŸšç¾½ã¾ãã‚‰,https://www.youtube.com/watch?v=WeLaCiTTNpQ,å†¬ã®ã¯ã˜ã¾ã‚Š,,2021,,https://yt3.googleusercontent.com/nIaJSnjRLV2ai4uSY_YpHXyFyimVQEqtqwrsgFq9t1gw8HohEO4tRIEBVuyN9IOwnsHlmiGH53Y=s160-c-k-c0x00ffffff-no-rj,YURERIRURA,YURERIRURA,YURERIRURA,,,,https://twitter.com/yuzuhamakura,https://www.youtube.com/@yuzuhamakura,https://linkco.re/q9SCNBnX,yuzuha makura,ìœ ì¦ˆí•˜ ë§ˆì¿ ë¼,2024/09/30 21:30:11
126,æŸšç¾½ã¾ãã‚‰,https://www.youtube.com/watch?v=XlfBv10qwZ8,å°ã•ã„ãŠå§«æ§˜,,2022,,https://yt3.googleusercontent.com/nIaJSnjRLV2ai4uSY_YpHXyFyimVQEqtqwrsgFq9t1gw8HohEO4tRIEBVuyN9IOwnsHlmiGH53Y=s160-c-k-c0x00ffffff-no-rj,YURERIRURA,YURERIRURA,YURERIRURA,YURERIRURA,,,https://twitter.com/yuzuhamakura,https://www.youtube.com/@yuzuhamakura,https://linkco.re/x7C6N8BG,yuzuha makura,ìœ ì¦ˆí•˜ ë§ˆì¿ ë¼,2024/09/30 21:31:51
127,æŸšç¾½ã¾ãã‚‰,https://www.youtube.com/watch?v=SHqU3ENJTTQ,ã‚¹ãƒšã‚¯ãƒˆãƒ©ãƒ ,,2021,,https://yt3.googleusercontent.com/nIaJSnjRLV2ai4uSY_YpHXyFyimVQEqtqwrsgFq9t1gw8HohEO4tRIEBVuyN9IOwnsHlmiGH53Y=s160-c-k-c0x00ffffff-no-rj,å±±é‡è¾ºç¿”å¹³,B.b.B,B.b.B,B.b.B,,,https://twitter.com/yuzuhamakura,https://www.youtube.com/@yuzuhamakura,https://linkco.re/nypHmYYx,yuzuha makura,ìœ ì¦ˆí•˜ ë§ˆì¿ ë¼,2024/09/30 21:33:33
128,æŸšç¾½ã¾ãã‚‰,https://www.youtube.com/watch?v=vMWGECKlm1w,èµ¤ã¡ã‚ƒã‚“éŠ€æ²³,,2021,,https://yt3.googleusercontent.com/nIaJSnjRLV2ai4uSY_YpHXyFyimVQEqtqwrsgFq9t1gw8HohEO4tRIEBVuyN9IOwnsHlmiGH53Y=s160-c-k-c0x00ffffff-no-rj,KIRARI,KIRARI,KIRARI,Shotaro,ElectricBassã€€ã‚µã‚«ã‚¿,,https://twitter.com/yuzuhamakura,https://www.youtube.com/@yuzuhamakura,,yuzuha makura,ìœ ì¦ˆí•˜ ë§ˆì¿ ë¼,2024/09/30 21:36:03
129,éŸ³éµã‚ã‚,https://www.youtube.com/watch?v=8oshBFoSmcI,éŸ³æ¥½å®¤,,2024,,https://yt3.googleusercontent.com/pvGL6noGdpOD6Qicqs251lTGx0GCMS4LFOQPaIeg2dDx7qTIBtBQ3G47EJIejV23D8xQETvVk0I=s160-c-k-c0x00ffffff-no-rj,éŸ³éµã‚ã‚,éŸ³éµã‚ã‚,éŸ³éµã‚ã‚,,,,https://x.com/otokagimero,https://www.youtube.com/@otokagimero,https://linkco.re/DU84VmDe,otokagi mero,ì˜¤í† ì¹´ê¸° ë©”ë¡œ,2024/09/30 21:47:30
130,éŸ³é–€ã‚‹ã,https://www.youtube.com/watch?v=ATdmU0ODt8E,ãã£ã¨ãƒ“ã‚¿ãƒŸãƒ³,,2023,Sony Music VEE,https://yt3.googleusercontent.com/7q9hOlgVOLGGMGNDnAokhFo7vECpLIyKCOj3xLKwBqPvQuu2-kkLS9E3kkNd-rrfdK0GKepd4w=s160-c-k-c0x00ffffff-no-rj,å €æ±Ÿæ™¶å¤ª,å €æ±Ÿæ™¶å¤ª,å €æ±Ÿæ™¶å¤ª,è—¤æµªæ½¤ä¸€éƒ,Drums by ã‚†ãƒ¼ã¾ãŠ(ãƒ’ãƒˆãƒªã‚¨),,https://twitter.com/Ruki_vita_666,https://www.youtube.com/@Otokado_Ruki,https://otokadoruki.lnk.to/Vitamine,Otokado Ruki,ì˜¤í† ì¹´ë„ ë£¨í‚¤,2024/09/30 22:02:43
131,æ˜é€,https://www.youtube.com/watch?v=4cTl1QbSXLo,Shiny,,2024,,https://yt3.googleusercontent.com/iePKO8BFkGihvo1xAvkmqzFYGV0M43mQ4x5WdL-0sVXskwY0I8SLbJuNggrrYUCPKxh4tjYQ=s160-c-k-c0x00ffffff-no-rj,ç¥­æ—¥ãƒãƒãƒ€,HiFi-P,HiFi-P,,,,https://twitter.com/ASU_virtual,https://www.youtube.com/@ASU_virtual,https://asu.lnk.to/Shiny,ASU,ASU,2024/09/25 21:33:42
132,æ˜é€,https://www.youtube.com/watch?v=enFLXbbXWdk,ã‚¹ãƒ­ã‚¦ãƒªãƒ¼,,2021,,https://yt3.googleusercontent.com/iePKO8BFkGihvo1xAvkmqzFYGV0M43mQ4x5WdL-0sVXskwY0I8SLbJuNggrrYUCPKxh4tjYQ=s160-c-k-c0x00ffffff-no-rj,ãƒãƒªã‚¹ãƒ”ã‚«ãƒ‡ãƒªãƒ¼,ãƒãƒªã‚¹ãƒ”ã‚«ãƒ‡ãƒªãƒ¼,ãƒãƒªã‚¹ãƒ”ã‚«ãƒ‡ãƒªãƒ¼,,,,https://twitter.com/ASU_virtual,https://www.youtube.com/@ASU_virtual,https://lnk.to/Slowly_ASU,ASU,ASU,2024/10/01 19:57:48
133,æ˜é€,https://www.youtube.com/watch?v=PtJsY_PkpSI,ã‚½ãƒ©ã‚´ãƒˆ,,2022,,https://yt3.googleusercontent.com/iePKO8BFkGihvo1xAvkmqzFYGV0M43mQ4x5WdL-0sVXskwY0I8SLbJuNggrrYUCPKxh4tjYQ=s160-c-k-c0x00ffffff-no-rj,ãƒãƒªã‚¹ãƒ”ã‚«ãƒ‡ãƒªãƒ¼,ãƒãƒªã‚¹ãƒ”ã‚«ãƒ‡ãƒªãƒ¼,ãƒãƒªã‚¹ãƒ”ã‚«ãƒ‡ãƒªãƒ¼,,,,https://twitter.com/ASU_virtual,https://www.youtube.com/@ASU_virtual,https://lnk.to/Fake_ASU,ASU,ASU,2024/10/01 20:00:18
134,æ˜é€,https://www.youtube.com/watch?v=RIXEtKcPTF4,ã‚¤ãƒ³ãƒ‘ãƒ¼ãƒ•ã‚§ã‚¯ãƒˆ,,2022,,https://yt3.googleusercontent.com/iePKO8BFkGihvo1xAvkmqzFYGV0M43mQ4x5WdL-0sVXskwY0I8SLbJuNggrrYUCPKxh4tjYQ=s160-c-k-c0x00ffffff-no-rj,NEFFYã€VITTE(VALIS),HiFi-P,HiFi-P,,,,https://twitter.com/ASU_virtual,https://www.youtube.com/@ASU_virtual,https://lnk.to/Imperfect_ASU,ASU,ASU,2024/10/01 20:02:22
135,æ˜é€,https://www.youtube.com/watch?v=8Hp1ynoAho8,ã‚¢ãƒ³ãƒ€ãƒ¼ãƒ–ãƒ¼ã‚±,,2022,,https://yt3.googleusercontent.com/iePKO8BFkGihvo1xAvkmqzFYGV0M43mQ4x5WdL-0sVXskwY0I8SLbJuNggrrYUCPKxh4tjYQ=s160-c-k-c0x00ffffff-no-rj,ç¥­æ—¥ãƒãƒãƒ€,HiFi-P,HiFi-P,,,,https://twitter.com/ASU_virtual,https://www.youtube.com/@ASU_virtual,https://lnk.to/Underbouquet_ASU,ASU,ASU,2024/10/01 20:04:24
136,æ˜é€,https://www.youtube.com/watch?v=WLlU2vfGnbE,ãƒ©ã‚¤ãƒˆã‚¤ãƒ¤ãƒ¼ã‚º,,2023,,https://yt3.googleusercontent.com/iePKO8BFkGihvo1xAvkmqzFYGV0M43mQ4x5WdL-0sVXskwY0I8SLbJuNggrrYUCPKxh4tjYQ=s160-c-k-c0x00ffffff-no-rj,ãƒãƒªã‚¹ãƒ”ã‚«ãƒ‡ãƒªãƒ¼,ãƒãƒªã‚¹ãƒ”ã‚«ãƒ‡ãƒªãƒ¼,ãƒãƒªã‚¹ãƒ”ã‚«ãƒ‡ãƒªãƒ¼,,,,https://twitter.com/ASU_virtual,https://www.youtube.com/@ASU_virtual,https://asu.lnk.to/Lightyears,ASU,ASU,2024/10/01 20:06:20
137,æ˜é€,https://www.youtube.com/watch?v=eaMU9zfjMNc,Spiral,,2024,,https://yt3.googleusercontent.com/iePKO8BFkGihvo1xAvkmqzFYGV0M43mQ4x5WdL-0sVXskwY0I8SLbJuNggrrYUCPKxh4tjYQ=s160-c-k-c0x00ffffff-no-rj,ãƒãƒªã‚¹ãƒ”ã‚«ãƒ‡ãƒªãƒ¼,ãƒãƒªã‚¹ãƒ”ã‚«ãƒ‡ãƒªãƒ¼,ãƒãƒªã‚¹ãƒ”ã‚«ãƒ‡ãƒªãƒ¼,,,,https://twitter.com/ASU_virtual,https://www.youtube.com/@ASU_virtual,https://asu.lnk.to/Spiral,ASU,ASU,2024/10/01 20:09:39
138,æ˜é€,https://www.youtube.com/watch?v=su7_ozM9xwQ,ãƒ–ãƒ«ãƒ¼ãƒŠã‚¤ãƒˆãƒ€ãƒ¼ãƒªãƒ³,,2024,,https://yt3.googleusercontent.com/iePKO8BFkGihvo1xAvkmqzFYGV0M43mQ4x5WdL-0sVXskwY0I8SLbJuNggrrYUCPKxh4tjYQ=s160-c-k-c0x00ffffff-no-rj,OHTORA,OHTORA / maeshima soshi,maeshima soshi,,,,https://twitter.com/ASU_virtual,https://www.youtube.com/@ASU_virtual,https://asu.lnk.to/blue-night-darling,ASU,ASU,2024/10/01 20:12:18
139,æ˜é€,https://www.youtube.com/watch?v=HZGUDr4otBw,ã‚¢ãƒ³ãƒ¡ãƒ«ãƒˆãƒ»ã‚¢ãƒ³ãƒ–ãƒ¬ãƒ©,,2023,,https://yt3.googleusercontent.com/iePKO8BFkGihvo1xAvkmqzFYGV0M43mQ4x5WdL-0sVXskwY0I8SLbJuNggrrYUCPKxh4tjYQ=s160-c-k-c0x00ffffff-no-rj,æ°´æ§½,æ°´æ§½,æ°´æ§½,,,,https://twitter.com/ASU_virtual,https://www.youtube.com/@ASU_virtual,https://asu.lnk.to/Unmelt-Unbrella,ASU,ASU,2024/10/01 20:19:06
140,Ibuki,https://www.youtube.com/watch?v=s-irkXQLk3E,è—åµ,ãƒ­ãƒƒã‚¯,2024,Revival_Prod  æ‰€å±,https://yt3.googleusercontent.com/_eGWzDwSJklML-Sbrzs3HLEdMKkCAItN5uSOGvMhhQmVbBUtlozK5ibU707dEL9iDO5aznG6=s160-c-k-c0x00ffffff-no-rj,Misumi ,Misumi ,Misumi ,Dios/ã‚·ã‚°ãƒŠãƒ«P,Guitarï¼šä¼Šè—¤ç¿”ç£¨,,https://x.com/Ibuki_Kirisaki,https://www.youtube.com/@Ibuki_Kirisaki,,Ibuki,ì´ë¶€í‚¤,2024/10/02 1:16:53
141,ç‹¼æœ—ãƒãƒ„ã‚­,https://www.youtube.com/watch?v=78wFqAlmkIQ,OVERDOG,,2024,å£°å„ªäº‹å‹™æ‰€ã‚†ãƒ¼ã‚Šã‚“ãƒ—ãƒ­ã€€ã‚†ã‚°ãƒ‰ãƒ©ã‚·ã‚‹projectæ‰€å±,https://pbs.twimg.com/profile_images/1803120480104402944/llNbdysT_400x400.jpg,NIL ,NIL ,,,,,https://x.com/rou_hatsuki,https://www.youtube.com/@rou_hatsuki,,Oruro Hatsuki,ì˜¤ë£¨ë¡œ í•˜ì¸ í‚¤,2024/10/02 1:21:22
142,ç™¾ç€¬ãƒ’ãƒãƒŠ,https://www.youtube.com/watch?v=huIgXQM2HgI,çƒˆç«,ãƒ­ãƒƒã‚¯,2022,å€‹äºº,https://pbs.twimg.com/profile_images/1813339925724770304/BScZIJ0A_400x400.jpg, è‰é‡è¯ä½™å­ï¼hibana,è‰é‡è¯ä½™å­,Rãƒ»Oãƒ»N,ä¸­è°·æµ©å¹³,drums: ã¿ã£ã¡ã‚ƒã‚“(å²¸ç”°æ•™å›£&THEæ˜æ˜Ÿãƒ­ã‚±ãƒƒãƒ„),,https://x.com/hibana_moyuru,https://www.youtube.com/@hibanamomose,,Hibana Momose,íˆë°”ë‚˜ ëª¨ëª¨ì„¸,2024/10/02 1:28:15
143,Bao The Whale,https://www.youtube.com/watch?v=xSsWP2DPSQU,Citrus Love ,,2022,,https://yt3.googleusercontent.com/YK17uRIkdD-T1JCnZ3_2XpPvK2qKv34dUFZRcQPASUSG6HL9cO5lEQubGx91vIMj-wPpic38=s160-c-k-c0x00ffffff-no-rj,Bao The Whale,Overspace,,,,,https://twitter.com/baovtuber,https://www.youtube.com/@baovtuber,https://distrokid.com/hyperfollow/baothewhale/citrus-love,Bao The Whale,ë°”ì˜¤ ê³ ë˜,2024/09/14 17:59:43
144,Ayaka Zaphyr,https://www.youtube.com/watch?v=obDw-ZTi-2M,Estrella Muerta,,2022,,https://yt3.googleusercontent.com/LOJUfQuz6dYjns2rs-TdJTvCSEErCh5pQ5GMSJHkOF6HzEEPKcigGphV1yVLtrNTgKnON8gc9w=s160-c-k-c0x00ffffff-no-rj,Ayaka Zaphyr/2Bines,Shin Kikuchi,Shin Kikuchi,,,,https://twitter.com/AyakaZaphyr,https://www.youtube.com/@ayakazaphyr,https://open.spotify.com/intl-ja/track/7l7C544Oy3sM7MO9IzfHps?si=6711a5d4a9e74030&nd=1&dlsi=acaf254e4699473d,Ayaka Zaphyr,ì•„ì•¼ì¹´ ìí”¼ë¥´,2024/10/05 7:42:48
145,Ayaka Zaphyr,https://www.youtube.com/watch?v=dRg4CmQIDbU,Muertos En Vida,ãƒ­ãƒƒã‚¯,2023,,https://yt3.googleusercontent.com/LOJUfQuz6dYjns2rs-TdJTvCSEErCh5pQ5GMSJHkOF6HzEEPKcigGphV1yVLtrNTgKnON8gc9w=s160-c-k-c0x00ffffff-no-rj,Ayaka Zaphyr,S-Aleek ,S-Aleek ,,,,https://twitter.com/AyakaZaphyr,https://www.youtube.com/@ayakazaphyr,https://open.spotify.com/intl-ja/track/6kWzllJ4LDPYBT1Nh53YWH,Ayaka Zaphyr,ì•„ì•¼ì¹´ ìí”¼ë¥´,2024/10/05 7:52:08
146,Ayaka Zaphyr,https://www.youtube.com/watch?v=CT6z6rH0RC4,Mi mÃ¡scara,ãƒ­ãƒƒã‚¯,2023,,https://yt3.googleusercontent.com/LOJUfQuz6dYjns2rs-TdJTvCSEErCh5pQ5GMSJHkOF6HzEEPKcigGphV1yVLtrNTgKnON8gc9w=s160-c-k-c0x00ffffff-no-rj,Ayaka Zaphyr,S-Aleek,S-Aleek,,,,https://twitter.com/AyakaZaphyr,https://www.youtube.com/@ayakazaphyr,https://open.spotify.com/intl-ja/track/5EF2zhyT5Z4wwiD5OZLhe0,Ayaka Zaphyr,ì•„ì•¼ì¹´ ìí”¼ë¥´,2024/10/05 7:54:38
147,Ayaka Zaphyr,https://www.youtube.com/watch?v=xu8JYeeqrmo,KUSOGAKI ã€Œã‚¯ã‚½ã‚¬ã‚­ã€,,2023,,https://yt3.googleusercontent.com/LOJUfQuz6dYjns2rs-TdJTvCSEErCh5pQ5GMSJHkOF6HzEEPKcigGphV1yVLtrNTgKnON8gc9w=s160-c-k-c0x00ffffff-no-rj,,wabisabeatz,wabisabeatz,TecnoAnime,,,https://twitter.com/AyakaZaphyr,https://www.youtube.com/@ayakazaphyr,https://open.spotify.com/intl-ja/track/5YfgI3NDeg0egIncJLSsiw,Ayaka Zaphyr,ì•„ì•¼ì¹´ ìí”¼ë¥´,2024/10/05 7:57:49
148,Ayaka Zaphyr,https://www.youtube.com/watch?v=spHnzgaehw0,Mi Ãºltimo respiro,ãƒ­ãƒƒã‚¯,2023,,https://yt3.googleusercontent.com/LOJUfQuz6dYjns2rs-TdJTvCSEErCh5pQ5GMSJHkOF6HzEEPKcigGphV1yVLtrNTgKnON8gc9w=s160-c-k-c0x00ffffff-no-rj,Ayaka Zaphyr,S-Aleek ,S-Aleek ,,,,https://twitter.com/AyakaZaphyr,https://www.youtube.com/@ayakazaphyr,https://open.spotify.com/intl-ja/track/5vjpcWimLEOx1FzJjn6vap,Ayaka Zaphyr,ì•„ì•¼ì¹´ ìí”¼ë¥´,2024/10/05 8:00:17
149,Ayaka Zaphyr,https://www.youtube.com/watch?v=MUQdrEEQMCM,Doble Caraã€Œãƒ€ãƒ–ãƒ«ãƒ•ã‚§ã‚¤ã‚¹ã€,,2023,,https://yt3.googleusercontent.com/LOJUfQuz6dYjns2rs-TdJTvCSEErCh5pQ5GMSJHkOF6HzEEPKcigGphV1yVLtrNTgKnON8gc9w=s160-c-k-c0x00ffffff-no-rj,,DeoxysBeatsâ€¬ ,DeoxysBeatsâ€¬ ,tecnoanimeâ€¬ ,,,https://twitter.com/AyakaZaphyr,https://www.youtube.com/@ayakazaphyr,https://open.spotify.com/intl-ja/track/3aGyZfOWu1kpw69ha8JEm4,Ayaka Zaphyr,ì•„ì•¼ì¹´ ìí”¼ë¥´,2024/10/05 8:03:18
150,Bao The Whale,https://www.youtube.com/watch?v=R_nS5XjiFxA,Final Bow,ãƒ­ãƒƒã‚¯,2024,,https://yt3.googleusercontent.com/YK17uRIkdD-T1JCnZ3_2XpPvK2qKv34dUFZRcQPASUSG6HL9cO5lEQubGx91vIMj-wPpic38=s160-c-k-c0x00ffffff-no-rj,monii,"Johnny R, monii","Johnny R, monii",Johnny R,,,https://twitter.com/baovtuber,https://www.youtube.com/@baovtuber,https://album.link/i/1762912583,Bao The Whale,ë°”ì˜¤ ê³ ë˜,2024/10/05 7:05:02
151,Bao The Whale,https://www.youtube.com/watch?v=CWj_5Cc_CDU,Burst My Bubble,,2024,,https://yt3.googleusercontent.com/YK17uRIkdD-T1JCnZ3_2XpPvK2qKv34dUFZRcQPASUSG6HL9cO5lEQubGx91vIMj-wPpic38=s160-c-k-c0x00ffffff-no-rj,monii,"Asteroid Music Team (monii, Johnny R)","Asteroid Music Team (monii, Johnny R)",Johnny R,,,https://twitter.com/baovtuber,https://www.youtube.com/@baovtuber,https://songwhip.com/baothewhale,Bao The Whale,ë°”ì˜¤ ê³ ë˜,2024/10/06 20:27:54
152,Bao The Whale,https://www.youtube.com/watch?v=3Mj9FF_piGQ,Love Me Not,,2023,,https://yt3.googleusercontent.com/YK17uRIkdD-T1JCnZ3_2XpPvK2qKv34dUFZRcQPASUSG6HL9cO5lEQubGx91vIMj-wPpic38=s160-c-k-c0x00ffffff-no-rj,Bao The Whale,Overspaceâ€¬,Overspaceâ€¬,Univer,,,https://twitter.com/baovtuber,https://www.youtube.com/@baovtuber,https://songwhip.com/baothewhale/love-me-not,Bao The Whale,ë°”ì˜¤ ê³ ë˜,2024/10/06 20:31:38
153,Nanashi Mumei,https://www.youtube.com/watch?v=Py21QCndbxc,A New Start,,2022,hololive-EN,https://yt3.googleusercontent.com/owZmjfnG_SGVmfkl3eS7Lv47pGvIr2SrS36imh6O8i0H3Wy41fYKD26U7wnyRB627fXoq0aQ0Q=s160-c-k-c0x00ffffff-no-rj,"Kota Morita , Mori Calliope",Tomoari Taguma (Dream Monster),Tomoari Taguma (Dream Monster),Tomoari Taguma (Dream Monster),,,https://twitter.com/nanashimumei_en,https://www.youtube.com/@NanashiMumei,https://cover.lnk.to/ANewStart,Nanashi Mumei,ë‚˜ë‚˜ì‹œ ë¬´ë©”ì´,2024/10/06 20:40:29
154,Nanashi Mumei,https://www.youtube.com/watch?v=oA0CpI0vCK4,mumei,,2023,hololive-EN,https://yt3.googleusercontent.com/owZmjfnG_SGVmfkl3eS7Lv47pGvIr2SrS36imh6O8i0H3Wy41fYKD26U7wnyRB627fXoq0aQ0Q=s160-c-k-c0x00ffffff-no-rj,TKN,TKN,TKN,TKN,,,https://twitter.com/nanashimumei_en,https://www.youtube.com/@NanashiMumei,https://cover.lnk.to/mumei,Nanashi Mumei,ë‚˜ë‚˜ì‹œ ë¬´ë©”ì´,2024/10/06 20:42:43
155,Hakos Baelz,https://www.youtube.com/watch?v=na6bysYNuS0,PLAY DICE!,,2022,hololive-EN,https://yt3.googleusercontent.com/9FFCT3cu9FxyLJUUFovpPI7WRj0I7_KuApwkEaLsD0NHVVL2OPTtGn8Qga5YFbeC_47-MoEXrA=s160-c-k-c0x00ffffff-no-rj,Camellia & Hakos Baelz,Camellia ,Camellia ,,,,https://twitter.com/hakosbaelz,https://www.youtube.com/@HakosBaelz,https://cover.lnk.to/PlayDice,Hakos Baelz,í•˜ì½”ìŠ¤ ë°”ì—˜ì¸ ,2024/10/06 20:47:06
156,Hakos Baelz,https://www.youtube.com/watch?v=xnX8Lk-iSCo,PSYCHO,,2023,hololive-EN,https://yt3.googleusercontent.com/9FFCT3cu9FxyLJUUFovpPI7WRj0I7_KuApwkEaLsD0NHVVL2OPTtGn8Qga5YFbeC_47-MoEXrA=s160-c-k-c0x00ffffff-no-rj,ZAQ,"ã‚¿ã‚«ãƒã‚·ãƒ’ãƒ“ã‚­, Tom-H@ck",ã‚¿ã‚«ãƒã‚·ãƒ’ãƒ“ã‚­,,Guitarï¼šå¤§å’Œ,,https://twitter.com/hakosbaelz,https://www.youtube.com/@HakosBaelz,https://cover.lnk.to/PSYCHO,Hakos Baelz,í•˜ì½”ìŠ¤ ë°”ì—˜ì¸ ,2024/10/06 21:32:30
157,Hakos Baelz,https://www.youtube.com/watch?v=xGgKKwc-jWg,E I E N,,2024,hololive-EN,https://yt3.googleusercontent.com/9FFCT3cu9FxyLJUUFovpPI7WRj0I7_KuApwkEaLsD0NHVVL2OPTtGn8Qga5YFbeC_47-MoEXrA=s160-c-k-c0x00ffffff-no-rj,Luna Haruse,Yuuki Furuhashi,Yuuki Furuhashi,,,,https://twitter.com/hakosbaelz,https://www.youtube.com/@HakosBaelz,https://cover.lnk.to/ZODIAC,Hakos Baelz,í•˜ì½”ìŠ¤ ë°”ì—˜ì¸ ,2024/10/06 21:34:43
158,Hakos Baelz,https://www.youtube.com/watch?v=7WXVFl-N6-o,R x R x R,,2024,hololive-EN,https://yt3.googleusercontent.com/9FFCT3cu9FxyLJUUFovpPI7WRj0I7_KuApwkEaLsD0NHVVL2OPTtGn8Qga5YFbeC_47-MoEXrA=s160-c-k-c0x00ffffff-no-rj,"ZAQ, Karen Yamaguchi, Hakos Baelz",ZAQ,"ZAQ, eba",,Bass:ï¼š Rock Sakurai / Guitarï¼š eba (F.M.F),,https://twitter.com/hakosbaelz,https://www.youtube.com/@HakosBaelz,https://cover.lnk.to/ZODIAC,Hakos Baelz,í•˜ì½”ìŠ¤ ë°”ì—˜ì¸ ,2024/10/06 21:38:17
159,Hakos Baelz x Tsunomaki Watame,https://www.youtube.com/watch?v=u9alGJE9ZXA,COLOUR,,2024,hololive-EN,https://yt3.googleusercontent.com/9FFCT3cu9FxyLJUUFovpPI7WRj0I7_KuApwkEaLsD0NHVVL2OPTtGn8Qga5YFbeC_47-MoEXrA=s160-c-k-c0x00ffffff-no-rj,Fujimura Konomi,Endo Shingo,Endo Shingo,Yota Ishizuka,,,https://twitter.com/hakosbaelz,https://www.youtube.com/@HakosBaelz,https://cover.lnk.to/ZODIAC,Hakos Baelz x Tsunomaki Watame,í•˜ì½”ìŠ¤ ë°”ì—˜ì¦ˆÃ—ì¸ ë…¸ë§ˆí‚¤ ì™€íƒ€ë©”,2024/10/06 21:40:50
160,Miori Celesta,https://www.youtube.com/watch?v=5tY2UfCjcSE,One Step At A Time,,2023,,https://yt3.googleusercontent.com/kaNjFSu8SjR9kJjHuxcfwKsA12ZeruRk8iJNOxeK0z1_5-zEuaMg_F-BHlXUztmPSVbuKgcxag=s160-c-k-c0x00ffffff-no-rj,,Alohaii (FKA Lone Alpha),Alohaii (FKA Lone Alpha),Inverse,,,https://twitter.com/mioricelesta,https://www.youtube.com/@MioriCelesta,https://open.spotify.com/intl-ja/track/1RMshaKVpGW00tVcTQl82Q?si=0fe56e9b17d8412b&nd=1&dlsi=c220b3f57aef4e91,Miori Celesta,ë¯¸ì˜¤ë¦¬ ì…€ë ˆìŠ¤íƒ€,2024/10/06 21:47:24
161,Miori Celesta,https://www.youtube.com/watch?v=X_R_dfE93Og,Ride the Day,,2022,,https://yt3.googleusercontent.com/kaNjFSu8SjR9kJjHuxcfwKsA12ZeruRk8iJNOxeK0z1_5-zEuaMg_F-BHlXUztmPSVbuKgcxag=s160-c-k-c0x00ffffff-no-rj,Lost.,Lost.,Lost.,Uzuki Tomoya,,,https://twitter.com/mioricelesta,https://www.youtube.com/@MioriCelesta,https://open.spotify.com/intl-ja/track/4Y7U60OImEV1nifBGuS8wX?si=0a63667c9a2c4621&nd=1&dlsi=c4aa6bf17a074b21,Miori Celesta,ë¯¸ì˜¤ë¦¬ ì…€ë ˆìŠ¤íƒ€,2024/10/06 21:51:29
162,Shabel Tonya,https://www.youtube.com/watch?v=Nr3YOvzBEWw,PolyphonicBranch,,2021,idol-EN,https://yt3.googleusercontent.com/ljnQBMPIiErFtOnv6LDIzoufhOH4RhAd0_NIYUZxk_uXWAiW7bz8CGwYqi61PIjfd6coOwkjOpQ=s160-c-k-c0x00ffffff-no-rj,PolyphonicBranch,PolyphonicBranch,PolyphonicBranch,PolyphonicBranch,,,https://twitter.com/ShabelTonya,https://www.youtube.com/@ShabelTonya,https://shabeltonya.streamlink.to/tonyadesu,Shabel Tonya,ìƒ¤ë²¨ í† ëƒ,2024/10/06 22:06:19
163,Miori Celesta,https://www.youtube.com/watch?v=Cj11k91N5_g,Blue,,2023,,https://yt3.googleusercontent.com/kaNjFSu8SjR9kJjHuxcfwKsA12ZeruRk8iJNOxeK0z1_5-zEuaMg_F-BHlXUztmPSVbuKgcxag=s160-c-k-c0x00ffffff-no-rj,Chikafuji Lisa,InVerSe,InVerSe,InVerSe,,,https://twitter.com/mioricelesta,https://www.youtube.com/@MioriCelesta,https://open.spotify.com/intl-ja/track/0ylX5IFbfggtXWu41iDvJo?si=7c98ceab6e604074&nd=1&dlsi=a6db2094bdcf4292,Miori Celesta,ë¯¸ì˜¤ë¦¬ ì…€ë ˆìŠ¤íƒ€,2024/10/06 21:57:52
164,Miori Celesta,https://www.youtube.com/watch?v=OV0hbfw6RMo,Want Me Too!,,2023,,https://yt3.googleusercontent.com/kaNjFSu8SjR9kJjHuxcfwKsA12ZeruRk8iJNOxeK0z1_5-zEuaMg_F-BHlXUztmPSVbuKgcxag=s160-c-k-c0x00ffffff-no-rj,so87musicâ€¬,so87musicâ€¬,so87musicâ€¬,,,,https://twitter.com/mioricelesta,https://www.youtube.com/@MioriCelesta,https://distrokid.com/hyperfollow/so87/want-me-too-feat-miori-celesta,Miori Celesta,ë¯¸ì˜¤ë¦¬ ì…€ë ˆìŠ¤íƒ€,2024/10/07 22:10:49
165,å¤©é‡å¯§ã€…,https://www.youtube.com/watch?v=KYLaCVq_TRw,ã‚ã‚Šã£ãŸã‘ã® I love you,,2024,,https://yt3.googleusercontent.com/OK6xN6vJFmBvRR9PWczR27mDOj_yvE-EUJakmJK4MT-OXJBLlL3mKgc3xu9I1vrbZiLZY2Zj=s160-c-k-c0x00ffffff-no-rj,"Shohei Ito, Minnie P.","Minnie P., Shohei Ito",Shohei Ito,Wings Music Productions,,,https://twitter.com/amanene_kawaii,https://www.youtube.com/channel/UCu1INzefw3R7M9-3QEHYmMQ,,Nene Amano,ë„¤ë„¤ ì•„ë§ˆë…¸,2024/10/07 22:37:19
166,å¤©é‡å¯§ã€…,https://www.youtube.com/watch?v=Or6MCqXvOTU,å©€å¨œèŠ± -ADABANA,ãƒ­ãƒƒã‚¯,2024,,https://yt3.googleusercontent.com/OK6xN6vJFmBvRR9PWczR27mDOj_yvE-EUJakmJK4MT-OXJBLlL3mKgc3xu9I1vrbZiLZY2Zj=s160-c-k-c0x00ffffff-no-rj,EUGEN/ãƒ¦ãƒ¼ã‚¸ãƒ³,EUGEN/ãƒ¦ãƒ¼ã‚¸ãƒ³,EUGEN/ãƒ¦ãƒ¼ã‚¸ãƒ³,Yusuke Akimoto,,,https://twitter.com/amanene_kawaii,https://www.youtube.com/channel/UCu1INzefw3R7M9-3QEHYmMQ,,Nene Amano,ë„¤ë„¤ ì•„ë§ˆë…¸,2024/10/07 22:40:26
167,å¤©é‡å¯§ã€…,https://www.youtube.com/watch?v=oWMSFANFHwQ,Touching Clouds,,2023,,https://yt3.googleusercontent.com/OK6xN6vJFmBvRR9PWczR27mDOj_yvE-EUJakmJK4MT-OXJBLlL3mKgc3xu9I1vrbZiLZY2Zj=s160-c-k-c0x00ffffff-no-rj,Raining Marbles,Raining Marbles,Raining Marbles,Raining Marbles,,,https://twitter.com/amanene_kawaii,https://www.youtube.com/channel/UCu1INzefw3R7M9-3QEHYmMQ,https://album.link/touchingclouds,Nene Amano,ë„¤ë„¤ ì•„ë§ˆë…¸,2024/10/07 22:43:32
168,å¤©é‡å¯§ã€…,https://www.youtube.com/watch?v=gzoDjxqo6-4,DEVOTION,,2023,,https://yt3.googleusercontent.com/OK6xN6vJFmBvRR9PWczR27mDOj_yvE-EUJakmJK4MT-OXJBLlL3mKgc3xu9I1vrbZiLZY2Zj=s160-c-k-c0x00ffffff-no-rj,wotaku,wotaku,wotaku,wotaku,,,https://twitter.com/amanene_kawaii,https://www.youtube.com/channel/UCu1INzefw3R7M9-3QEHYmMQ,https://album.link/devotion,Nene Amano,ë„¤ë„¤ ì•„ë§ˆë…¸,2024/10/07 22:45:37
169,å¤©é‡å¯§ã€…,https://www.youtube.com/watch?v=sB0j2e_ptFY,Friday Night ãƒ•ãƒ©ã‚¤ãƒ‡ãƒ¼ãƒ»ãƒŠã‚¤ãƒˆ,ã‚·ãƒ†ã‚£ãƒ¼ãƒãƒƒãƒ—,2024,,https://yt3.googleusercontent.com/OK6xN6vJFmBvRR9PWczR27mDOj_yvE-EUJakmJK4MT-OXJBLlL3mKgc3xu9I1vrbZiLZY2Zj=s160-c-k-c0x00ffffff-no-rj,Iku Hoshifuri,Inverse,Inverse,Inverse,,,https://twitter.com/amanene_kawaii,https://www.youtube.com/channel/UCu1INzefw3R7M9-3QEHYmMQ,,Nene Amano,ë„¤ë„¤ ì•„ë§ˆë…¸,2024/10/07 22:48:24
170,å¤©é‡å¯§ã€…,https://www.youtube.com/watch?v=O9SFsccXYf4,DOGEZA,å’Œé¢¨ãƒ­ãƒƒã‚¯,2023,,https://yt3.googleusercontent.com/OK6xN6vJFmBvRR9PWczR27mDOj_yvE-EUJakmJK4MT-OXJBLlL3mKgc3xu9I1vrbZiLZY2Zj=s160-c-k-c0x00ffffff-no-rj,"Aerize,Ooyama Aina",Aerize,Aerize,Zephyrianna,,,https://twitter.com/amanene_kawaii,https://www.youtube.com/channel/UCu1INzefw3R7M9-3QEHYmMQ,https://song.link/dogeza,Nene Amano,ë„¤ë„¤ ì•„ë§ˆë…¸,2024/10/07 22:53:34
171,Millie Parfait,https://www.youtube.com/watch?v=3t-IfgQC-W0,Don't Trick Me,,2024,NIJISANJI EN,https://yt3.googleusercontent.com/QlRHzMM0rIUcawzWSJ5ZIoWUhXJD8M_aCfVFrHYzlP0WEJF-4mU8jkb0s8MTPpGy4NdfRXlUiJ4=s160-c-k-c0x00ffffff-no-rj,ERECA,ERECAãƒ»oni,oni,,,,https://twitter.com/MillieParfait,https://www.youtube.com/@MillieParfait,,Millie Parfait,ë°€ë¦¬ íŒŒë¥´í˜,2024/10/10 22:49:37
172,Millie Parfait,https://www.youtube.com/watch?v=I90lq1gd0X8,Story of a Forgotten Girl,,2021,NIJISANJI EN,https://yt3.googleusercontent.com/QlRHzMM0rIUcawzWSJ5ZIoWUhXJD8M_aCfVFrHYzlP0WEJF-4mU8jkb0s8MTPpGy4NdfRXlUiJ4=s160-c-k-c0x00ffffff-no-rj,Millie Parfait,Millie Parfait,,,,,https://twitter.com/MillieParfait,https://www.youtube.com/@MillieParfait,,Millie Parfait,ë°€ë¦¬ íŒŒë¥´í˜,2024/10/10 22:56:42
173,Millie Parfait,https://www.youtube.com/watch?v=_JPIX7mCM-c,Story Of A Suffering Girl,,2021,NIJISANJI EN,https://yt3.googleusercontent.com/QlRHzMM0rIUcawzWSJ5ZIoWUhXJD8M_aCfVFrHYzlP0WEJF-4mU8jkb0s8MTPpGy4NdfRXlUiJ4=s160-c-k-c0x00ffffff-no-rj,Millie Parfait,Millie Parfait,,,,,https://twitter.com/MillieParfait,https://www.youtube.com/@MillieParfait,,Millie Parfait,ë°€ë¦¬ íŒŒë¥´í˜,2024/10/10 22:59:38
174,Millie Parfait,https://www.youtube.com/watch?v=M0F0nND9wL4,è¼ªå»»,,2022,NIJISANJI EN,https://yt3.googleusercontent.com/QlRHzMM0rIUcawzWSJ5ZIoWUhXJD8M_aCfVFrHYzlP0WEJF-4mU8jkb0s8MTPpGy4NdfRXlUiJ4=s160-c-k-c0x00ffffff-no-rj,millstones ,millstones ,millstones ,,,,https://twitter.com/MillieParfait,https://www.youtube.com/@MillieParfait,,Millie Parfait,ë°€ë¦¬ íŒŒë¥´í˜,2024/10/10 23:03:11
175,Millie Parfait,https://www.youtube.com/watch?v=9vLVbWggv0o,So did you - shitpost,,2023,NIJISANJI EN,https://yt3.googleusercontent.com/QlRHzMM0rIUcawzWSJ5ZIoWUhXJD8M_aCfVFrHYzlP0WEJF-4mU8jkb0s8MTPpGy4NdfRXlUiJ4=s160-c-k-c0x00ffffff-no-rj,Millie and Friends,Millie Parfait,Kizmet,Millie Parfait,,,https://twitter.com/MillieParfait,https://www.youtube.com/@MillieParfait,,Millie Parfait,ë°€ë¦¬ íŒŒë¥´í˜,2024/10/10 23:07:18
176,Kuwanano,https://www.youtube.com/watch?v=_meKfEZUmcs,Follow my Voice,ãƒ­ãƒƒã‚¯,2024,,https://yt3.googleusercontent.com/Fa5dDE7exw1d1H7ctxuI5viUBqQnDCAXV5nN6_UR3mgyQqTUWyBT-Kx14n8APg_-bjOkyEG1cg=s160-c-k-c0x00ffffff-no-rj,Kuwanano,KawaiiPastel,KawaiiPastel,,,,https://twitter.com/kuwanano_vt,https://www.youtube.com/@kuwanano_vt,https://open.spotify.com/intl-ja/artist/3EGkGOYgtgZk6krIH50Qzs?si=KUVvZ2rXRMykmD-FArn3iw&nd=1&dlsi=ab1ebe3a560d42be,Kuwanano,ì¿ ì™€ë‚˜ë…¸,2024/10/14 18:26:59
177,Kuwanano,https://www.youtube.com/watch?v=BGtJDVH0TaA,Wayfinder,ãƒ­ãƒƒã‚¯,2024,,https://yt3.googleusercontent.com/Fa5dDE7exw1d1H7ctxuI5viUBqQnDCAXV5nN6_UR3mgyQqTUWyBT-Kx14n8APg_-bjOkyEG1cg=s160-c-k-c0x00ffffff-no-rj,Kuwanano,KawaiiPastelâ€¬ ,KawaiiPastelâ€¬ ,,,,https://twitter.com/kuwanano_vt,https://www.youtube.com/@kuwanano_vt,https://open.spotify.com/intl-ja/artist/3EGkGOYgtgZk6krIH50Qzs?si=KUVvZ2rXRMykmD-FArn3iw&nd=1&dlsi=d20c536381534765,Kuwanano,ì¿ ì™€ë‚˜ë…¸,2024/10/14 18:29:01
178,Kuwanano,https://www.youtube.com/watch?v=X-ZjtitnpNc,Kuudray - Strings,,2023,,https://yt3.googleusercontent.com/Fa5dDE7exw1d1H7ctxuI5viUBqQnDCAXV5nN6_UR3mgyQqTUWyBT-Kx14n8APg_-bjOkyEG1cg=s160-c-k-c0x00ffffff-no-rj,Kuwanano,Kuudray,Kuudray,Kuudray,,,https://twitter.com/kuwanano_vt,https://www.youtube.com/@kuwanano_vt,https://ffm.to/kuwanano-strings,Kuwanano,ì¿ ì™€ë‚˜ë…¸,2024/10/14 18:31:02
179,Kuwanano,https://www.youtube.com/watch?v=v9T91drrqRQ,Taboo,,2023,,https://yt3.googleusercontent.com/Fa5dDE7exw1d1H7ctxuI5viUBqQnDCAXV5nN6_UR3mgyQqTUWyBT-Kx14n8APg_-bjOkyEG1cg=s160-c-k-c0x00ffffff-no-rj,Kuwanano / Sunny Hinode,kawaiipastel,kawaiipastel,kawaiipastel,,,https://twitter.com/kuwanano_vt,https://www.youtube.com/@kuwanano_vt,https://open.spotify.com/intl-ja/album/7ucXCVpu9i0jXrwFpHu5Z8?si=AQqArBLORL2Sg_MrPTTwrA&nd=1&dlsi=feb3214abd60447d,Kuwanano,ì¿ ì™€ë‚˜ë…¸,2024/10/14 18:33:54
180,Kuwanano,https://www.youtube.com/watch?v=wy-5yqxKJNU,Cutting Wires,,2022,,https://yt3.googleusercontent.com/Fa5dDE7exw1d1H7ctxuI5viUBqQnDCAXV5nN6_UR3mgyQqTUWyBT-Kx14n8APg_-bjOkyEG1cg=s160-c-k-c0x00ffffff-no-rj,Kuwanano / Sunny Hinode,kawaiipastel,kawaiipastel,kawaiipastel,,,https://twitter.com/kuwanano_vt,https://www.youtube.com/@kuwanano_vt,https://open.spotify.com/intl-ja/track/0JhB8UgWMJVAQTlHuVGluW,Kuwanano,ì¿ ì™€ë‚˜ë…¸,2024/10/14 18:36:15
181,Kuwanano,https://www.youtube.com/watch?v=O1DSfLfJ734,Sound of the Mirror,,2022,,https://yt3.googleusercontent.com/Fa5dDE7exw1d1H7ctxuI5viUBqQnDCAXV5nN6_UR3mgyQqTUWyBT-Kx14n8APg_-bjOkyEG1cg=s160-c-k-c0x00ffffff-no-rj,Kuwanano / Sunny Hinode,kawaiipastel,kawaiipastel,kawaiipastel,,,https://twitter.com/kuwanano_vt,https://www.youtube.com/@kuwanano_vt,https://open.spotify.com/intl-ja/track/1YjxRTsP5N4wZcJ9f8d2bA,Kuwanano,ì¿ ì™€ë‚˜ë…¸,2024/10/14 18:38:13
182,Kuwanano,https://www.youtube.com/watch?v=0pTBJ6_jixw,Cinder,,2022,,https://yt3.googleusercontent.com/Fa5dDE7exw1d1H7ctxuI5viUBqQnDCAXV5nN6_UR3mgyQqTUWyBT-Kx14n8APg_-bjOkyEG1cg=s160-c-k-c0x00ffffff-no-rj,Kuwanano / Sunny Hinode,kawaiipastel,kawaiipastel,kawaiipastel,,,https://twitter.com/kuwanano_vt,https://www.youtube.com/@kuwanano_vt,https://open.spotify.com/intl-ja/artist/3EGkGOYgtgZk6krIH50Qzs?si=OeaXfl34QwSas7kQNT2OVQ&nd=1&dlsi=162a16b8db4743cf,Kuwanano,ì¿ ì™€ë‚˜ë…¸,2024/10/14 18:41:11
183,Kuwanano,https://www.youtube.com/watch?v=knLKuo0Dby0,silent NOISE,ãƒ­ãƒƒã‚¯,2022,,https://yt3.googleusercontent.com/Fa5dDE7exw1d1H7ctxuI5viUBqQnDCAXV5nN6_UR3mgyQqTUWyBT-Kx14n8APg_-bjOkyEG1cg=s160-c-k-c0x00ffffff-no-rj,Kuwanano / JuudenkiJDK,kawaiipasutel,kawaiipasutel,kawaiipasutel,,,https://twitter.com/kuwanano_vt,https://www.youtube.com/@kuwanano_vt,https://kawaiipasutel.bandcamp.com/album/silent-noise,Kuwanano,ì¿ ì™€ë‚˜ë…¸,2024/10/14 18:43:29
184,Kuwanano,https://www.youtube.com/watch?v=SRis4qc33fY,Melanchomaniac,,2021,,https://yt3.googleusercontent.com/Fa5dDE7exw1d1H7ctxuI5viUBqQnDCAXV5nN6_UR3mgyQqTUWyBT-Kx14n8APg_-bjOkyEG1cg=s160-c-k-c0x00ffffff-no-rj,SNII / Juudenki,JunbugP,JunbugP,JunbugP,,,https://twitter.com/kuwanano_vt,https://www.youtube.com/@kuwanano_vt,,Kuwanano,ì¿ ì™€ë‚˜ë…¸,2024/10/14 18:45:31
185,Kuwanano,https://www.youtube.com/watch?v=Xq5nl_Q2GDw,DELETE,,2021,,https://yt3.googleusercontent.com/Fa5dDE7exw1d1H7ctxuI5viUBqQnDCAXV5nN6_UR3mgyQqTUWyBT-Kx14n8APg_-bjOkyEG1cg=s160-c-k-c0x00ffffff-no-rj,Kuwanano / Datenkou,kawaiipasutel ,kawaiipasutel ,kawaiipasutel ,,,https://twitter.com/kuwanano_vt,https://www.youtube.com/@kuwanano_vt,https://kawaiipasutel.bandcamp.com/album/delete,Kuwanano,ì¿ ì™€ë‚˜ë…¸,2024/10/14 18:47:29
186,Silvi Mikazuki,https://www.youtube.com/watch?v=ZbqHfFHu78U,Afterschool Princess æ”¾èª²å¾Œãƒ—ãƒªãƒ³ã‚»ã‚¹,,2024,,https://yt3.googleusercontent.com/xwgvcvm1scEq1d1x2IL-v7FFEL0_lcyZXb7k40MitNowt9cKL8T1gIGfSV8pdvJl0Zv2p3v-Pw=s160-c-k-c0x00ffffff-no-rj,Akira Okumura ,Akira Okumura ,Akira Okumura ,Vesen,,,https://twitter.com/SilviVTuber,https://www.youtube.com/@SilviMikazuki,https://distrokid.com/hyperfollow/silvimikazuki/afterschool-princess--2,Silvi Mikazuki,ì‹¤ë¹„ ë¯¸ì¹´ì¦ˆí‚¤,2024/10/14 18:51:36
187,Silvi Mikazuki,https://www.youtube.com/watch?v=anHdrAOMHX0,Memories of First Snow åˆé›ªã®ã‚­ã‚ªã‚¯,,2021,,https://yt3.googleusercontent.com/xwgvcvm1scEq1d1x2IL-v7FFEL0_lcyZXb7k40MitNowt9cKL8T1gIGfSV8pdvJl0Zv2p3v-Pw=s160-c-k-c0x00ffffff-no-rj,Tokyo Terrace MP,Tokyo Terrace MP,Tokyo Terrace MP,Tokyo Terrace MP,,,https://twitter.com/SilviVTuber,https://www.youtube.com/@SilviMikazuki,,Silvi Mikazuki,ì‹¤ë¹„ ë¯¸ì¹´ì¦ˆí‚¤,2024/10/14 18:53:21
188,Silvi Mikazuki,https://www.youtube.com/watch?v=mWOB2EiwQLk,Reminiscence of Ice and Snow é›ªæœˆæ°·ã®è¿½æ†¶,,2022,,https://yt3.googleusercontent.com/xwgvcvm1scEq1d1x2IL-v7FFEL0_lcyZXb7k40MitNowt9cKL8T1gIGfSV8pdvJl0Zv2p3v-Pw=s160-c-k-c0x00ffffff-no-rj,Tokyo Terrace MP,Tokyo Terrace MP,Tokyo Terrace MP,Zephysonas ,,,https://twitter.com/SilviVTuber,https://www.youtube.com/@SilviMikazuki,,Silvi Mikazuki,ì‹¤ë¹„ ë¯¸ì¹´ì¦ˆí‚¤,2024/10/14 18:55:18
189,Mimi Lucelle,https://www.youtube.com/watch?v=82-UsOjSjs0,Reverie,,2024,,https://yt3.googleusercontent.com/HuDtI6xR1tfSl7JPXWX4joIPYyUVsH2kkrShERL_bDhVyO-Q2711gt4Tr1q_gGYM3JaInHaw=s160-c-k-c0x00ffffff-no-rj,Monii Bagel,Ari,Ari,Johnny R,,,https://twitter.com/meotashie,https://www.youtube.com/@MimiLucelle,https://open.spotify.com/intl-ja/album/5D86qGpOMZimsNM5yaa0tk?si=V_sydvfFQlij2bIi4ritIQ&nd=1&dlsi=8cc64fddf4244c26,Mimi Lucelle,ë¯¸ë¯¸ ë£¨ì…€,2024/10/14 19:10:11
190,ãµããª,https://www.youtube.com/watch?v=Tzngwfhkqn0,Cotton Candy â™¡,,2024,,https://yt3.googleusercontent.com/cf9CC7VovFPtWb0uOKp9gG8-zpp7gHNRxxqqaeeVRzGHvBrmx7ubcc_kmw9JiPO-r0lsRLF6YA=s160-c-k-c0x00ffffff-no-rj,louz,,shuttershade,kururu ,,,,https://www.youtube.com/@fuawna,https://push.fm/fl/13hyrfxv,Fana,íŒŒë‚˜,2024/10/14 19:15:24
191,éˆ´éŸ³ã«ã‚,https://www.youtube.com/watch?v=IsXEPSfOb6w,League of Legends,ãƒãƒ¼ãƒ‰ãƒ­ãƒƒã‚¯,2024,,https://yt3.googleusercontent.com/EZIsXrouGx2aOmLFm39j_fLbX-5XSqIZZN20OHosxCvZbrjXFAk9z_GBWk1B4jaafizyAjTDBPY=s160-c-k-c0x00ffffff-no-rj,League of Legends ft. Djerv,League of Legends ft. Djerv,un Mitsui ,un Mitsui ,,,https://twitter.com/NiaSuzune,https://www.youtube.com/@NiaSuzune,,To Suzune,ìŠ¤ì¦ˆë„¤ì—ê²Œ,2024/10/14 19:20:48
192,ãƒ«ãƒ‹ãƒ»ãƒ«ãƒ¼ã‚º,https://www.youtube.com/watch?v=LN35zu145kI,AposTASTY,,2024,,https://yt3.googleusercontent.com/sqxKhPRi0_Z_40mb5fmfMdMqsHzBDZPi2_AAJj3kDfGWJwxrrsRYOQMCu8GWdBOTExcUH9sd=s160-c-k-c0x00ffffff-no-rj,Runie Ruse,Codly,Codly,PliXoR,,,https://twitter.com/RunieRuse,https://www.youtube.com/@RunieRuse,,Luni Luz,ë£¨ë‹ˆ ë£¨ì¦ˆ,2024/10/14 19:24:31
193,Kaneko Lumi,https://www.youtube.com/watch?v=yej6k7FXanY,Feeling,,2023,,https://yt3.googleusercontent.com/oESDqgL3kOUlg9Jg_5dIY3rRoYRTQCuzAQ057j9tgHV9zE5Uj0tOuobTs8lZU_u-EvsQR5eHLro=s160-c-k-c0x00ffffff-no-rj,SO87 / Kaneko Lumi,SO87,SO87,,,,https://twitter.com/Kaneko_Lumi,https://www.youtube.com/@KanekoLumi,,Kaneko Lumi,ê°€ë„¤ì½” ë£¨ë¯¸,2024/10/14 19:31:25
194,Silvervale,https://www.youtube.com/watch?v=YdTTe09nPzM,Home,,2021,,https://yt3.googleusercontent.com/hSsCpkNyXr_RZF-PgaFGqBiAYaDqlkA2h9Ug8wNsQVOnXXli469QnpihNFPo5j1mMBeNMtdXZg=s160-c-k-c0x00ffffff-no-rj,,Daryl has a new handle,Daryl has a new handle,Daryl has a new handle,,,https://twitter.com/_Silvervale_,https://www.youtube.com/@Silvervale,https://open.spotify.com/intl-ja/track/2evufFhNj8ijx9MMT2l4VP?si=qOqkQ4uuQRaWQ9cLjMbPFQ&nd=1&dlsi=fdb72b306a8e4049,Silvervale,ì‹¤ë²„ë² ì¼,2024/10/14 19:39:37
195,Silvervale,https://www.youtube.com/watch?v=jaqKqhWTlVo,Game Boy,ãƒãƒƒãƒ—ãƒãƒ¥ãƒ¼ãƒ³,2023,,https://yt3.googleusercontent.com/hSsCpkNyXr_RZF-PgaFGqBiAYaDqlkA2h9Ug8wNsQVOnXXli469QnpihNFPo5j1mMBeNMtdXZg=s160-c-k-c0x00ffffff-no-rj,YAYARI,AYIKO,AYIKO,YAYARI,,,https://twitter.com/_Silvervale_,https://www.youtube.com/@Silvervale,https://open.spotify.com/intl-ja/album/1BtwRaHxgG1uW6wATQhZNf,Silvervale,ì‹¤ë²„ë² ì¼,2024/10/14 19:46:52
196,Pavolia Reine,https://www.youtube.com/watch?v=VFpOBazE3rs,Gate Open: START!,,2021,hololive-ID,https://yt3.googleusercontent.com/3Wp-qrvmEyR4I4CcqrzbERgqjZkKWpptZTV9veusoh9ZeIdBTx7WfUB3uT8bnMp5ApebFERHZ9I=s160-c-k-c0x00ffffff-no-rj,"Pavolia Reine, Farhan Sarasin",Farhan Sarasin,Farhan Sarasin,,,,https://twitter.com/pavoliareine,https://www.youtube.com/@PavoliaReine,,Pavolia Reine,íŒŒë³¼ë¦¬ì•„ ë ˆì´ë„¤,2024/10/14 19:53:12
197,Pavolia Reine,https://www.youtube.com/watch?v=dzUfNQaaemk,ã‚ã®é’ç©ºã®ã›ã„ã ,,2021,hololive-ID,https://yt3.googleusercontent.com/3Wp-qrvmEyR4I4CcqrzbERgqjZkKWpptZTV9veusoh9ZeIdBTx7WfUB3uT8bnMp5ApebFERHZ9I=s160-c-k-c0x00ffffff-no-rj,YUC'e,YUC'e,YUC'e,,,,https://twitter.com/pavoliareine,https://www.youtube.com/@PavoliaReine,https://cover.lnk.to/reineEP,Pavolia Reine,íŒŒë³¼ë¦¬ì•„ ë ˆì´ë„¤,2024/10/14 19:55:11
198,Pavolia Reine,https://www.youtube.com/watch?v=MxwV963ZNEU,Love Me Love Me,,2022,hololive-ID,https://yt3.googleusercontent.com/3Wp-qrvmEyR4I4CcqrzbERgqjZkKWpptZTV9veusoh9ZeIdBTx7WfUB3uT8bnMp5ApebFERHZ9I=s160-c-k-c0x00ffffff-no-rj,YUC'e,YUC'e,YUC'e,,,,https://twitter.com/pavoliareine,https://www.youtube.com/@PavoliaReine,https://cover.lnk.to/reineEP,Pavolia Reine,íŒŒë³¼ë¦¬ì•„ ë ˆì´ë„¤,2024/10/14 19:56:53
199,Pavolia Reine,https://www.youtube.com/watch?v=gREPKQUoD4o,Illusion Night,,2022,hololive-ID,https://yt3.googleusercontent.com/3Wp-qrvmEyR4I4CcqrzbERgqjZkKWpptZTV9veusoh9ZeIdBTx7WfUB3uT8bnMp5ApebFERHZ9I=s160-c-k-c0x00ffffff-no-rj,Aira (Dream Monster),Aira (Dream Monster),Aira (Dream Monster),,,,https://twitter.com/pavoliareine,https://www.youtube.com/@PavoliaReine,https://cover.lnk.to/IllusionNight,Pavolia Reine,íŒŒë³¼ë¦¬ì•„ ë ˆì´ë„¤,2024/10/14 19:59:06
200,Pavolia Reine,https://www.youtube.com/watch?v=D1OOM67IsV4,Sip Some Tea,,2023,hololive-ID,https://yt3.googleusercontent.com/3Wp-qrvmEyR4I4CcqrzbERgqjZkKWpptZTV9veusoh9ZeIdBTx7WfUB3uT8bnMp5ApebFERHZ9I=s160-c-k-c0x00ffffff-no-rj,Avia Athalia & Mardial,Mardial,Mardial,,,,https://twitter.com/pavoliareine,https://www.youtube.com/@PavoliaReine,https://cover.lnk.to/SipSomeTea,Pavolia Reine,íŒŒë³¼ë¦¬ì•„ ë ˆì´ë„¤,2024/10/14 20:01:08
201,ç¶¿é£´ãƒ¦ã‚¦ã¡ã‚ƒã‚“,https://www.youtube.com/watch?v=Xwj41Brcjx0,ãƒ¦ãƒ¡ã‚¦ãƒ„ãƒ„ã€ãƒ¦ã‚¦ã€‘å¼¾ãèªã‚Šver,ãƒ•ã‚©ãƒ¼ã‚¯,2018,,https://yt3.googleusercontent.com/k2WcAqzgn5lAW7viTSVHrO30LvxQZV_kVhZAjs28R6dgx1G3HKl73Zc6xwuzCOkKhf4WzKE_=s160-c-k-c0x00ffffff-no-rj,ç¶¿é£´ãƒ¦ã‚¦ã¡ã‚ƒã‚“,ç¶¿é£´ãƒ¦ã‚¦ã¡ã‚ƒã‚“,ç¶¿é£´ãƒ¦ã‚¦ã¡ã‚ƒã‚“,,ã‚®ã‚¿ãƒ¼ï¼šç¶¿é£´ãƒ¦ã‚¦ã¡ã‚ƒã‚“,,https://x.com/wata_ame_yu,https://www.youtube.com/@wata_ame_yu,,Cotton candy Yu-chan,ì†œì‚¬íƒ• ìœ ì§±,2025/02/12 22:04:31
202,æœ±éŸ³ã‚ãŠã‚‚,https://www.youtube.com/watch?v=Aka1v2BYkaI,ç©ã¿ã‚²ãƒ¼ã¯ç½ªã˜ã‚ƒãªã„ã£,ãƒãƒƒãƒ—ãƒãƒ¥ãƒ¼ãƒ³,2025,,https://yt3.googleusercontent.com/ltCHaC33p6wcCGgK-FIViKH0ifMYqjuJiynbmD_tCUT4M67S9K0vyoyzx7YF-hMULXj7_hJj1NE=s160-c-k-c0x00ffffff-no-rj,æœ±éŸ³ã‚ãŠã‚‚,æœ±éŸ³ã‚ãŠã‚‚,æœ±éŸ³ã‚ãŠã‚‚,æœ±éŸ³ã‚ãŠã‚‚,,,https://x.com/aomo_akane,https://www.youtube.com/@akane_aomo,,Aomo Akane,ì•„ì˜¤ëª¨ ì•„ì¹´ë„¤,2025/02/12 22:14:54
203,ã•ã–ãªã¿ã‚»ãƒ¬ãƒŠ,https://www.youtube.com/watch?v=eTZuwo5-Nz8,ç ‚æµ·ã®äººé­š,,2022,,https://yt3.googleusercontent.com/49mqc5Z7cWS7pZUpiiA-vhmcIHxw-BpUfloEYaj5lChjahRdV7EC5TCL6e25W6M9JpTn9rB_=s160-c-k-c0x00ffffff-no-rj,ã•ã–ãªã¿ã‚»ãƒ¬ãƒŠ,tattoï¼ˆãŸã£ã¨ï¼‰,tattoï¼ˆãŸã£ã¨ï¼‰,tattoï¼ˆãŸã£ã¨ï¼‰,,,https://x.com/sazanamiserena,https://www.youtube.com/@sazanamiserena,,Ripple Serena,ë¦¬í”Œ ì„¸ë ˆë‚˜,2025/02/12 22:19:52
204,ã•ã–ãªã¿ã‚»ãƒ¬ãƒŠ,https://www.youtube.com/watch?v=M9r6Dz7JlTY,æ¥µå…‰ã®ã‚¢ã‚¤ã‚ªãƒ©ã‚¤ãƒˆ,,2023,,https://yt3.googleusercontent.com/49mqc5Z7cWS7pZUpiiA-vhmcIHxw-BpUfloEYaj5lChjahRdV7EC5TCL6e25W6M9JpTn9rB_=s160-c-k-c0x00ffffff-no-rj,ã¾ã‚ŠãŠã­ã€ã•ã–ãªã¿ã‚»ãƒ¬ãƒŠ,ã¾ã‚ŠãŠã­,ã¾ã‚ŠãŠã­,ã¾ã‚ŠãŠã­,,,https://x.com/sazanamiserena,https://www.youtube.com/@sazanamiserena,,Ripple Serena,ë¦¬í”Œ ì„¸ë ˆë‚˜,2025/02/12 22:23:57
205,ã•ã–ãªã¿ã‚»ãƒ¬ãƒŠ,https://www.youtube.com/watch?v=MH1ucGO_oRI,å¸¸å¤ã®ä¸–ç•Œã‹ã‚‰æ¼£ã®æ„›ã‚’å±Šã‘ã¦,,2024,,https://yt3.googleusercontent.com/49mqc5Z7cWS7pZUpiiA-vhmcIHxw-BpUfloEYaj5lChjahRdV7EC5TCL6e25W6M9JpTn9rB_=s160-c-k-c0x00ffffff-no-rj,ã­ã£ã©ï¼ˆNEDï¼‰,ã­ã£ã©ï¼ˆNEDï¼‰,ã­ã£ã©ï¼ˆNEDï¼‰,ã­ã£ã©ï¼ˆNEDï¼‰,,,https://x.com/sazanamiserena,https://www.youtube.com/@sazanamiserena,,Ripple Serena,ë¦¬í”Œ ì„¸ë ˆë‚˜,2025/02/12 22:28:14
206,æœˆãƒç¾å…,https://www.youtube.com/watch?v=Ndp6PhT-vlQ,ã‚¦ãƒ©ãƒãƒŸãƒˆ,,2021,ã«ã˜ã•ã‚“ã˜,https://yt3.googleusercontent.com/hxux-a8Xfr0O0_Age9LPgRfnVwsXD1SRT-zmNIyr_0ked6CWIKPKxvKzyOfH0tLKPUEPpL-MvA=s160-c-k-c0x00ffffff-no-rj,åªé‡èœæ‘˜,åºƒå·æµä¸€ï¼ˆMONACAï¼‰,åºƒå·æµä¸€ï¼ˆMONACAï¼‰,æ·ºé‡æµ©ä¼¸(Redefine),ã‚¦ã‚¯ãƒ¬ãƒ¬ï¼šæœˆãƒç¾å…ã€ãƒ™ãƒ¼ã‚¹ï¼šç”°æ·µæ™ºä¹Ÿ by the courtesy of TOY'S FACTORY INC.ã€ãƒ‰ãƒ©ãƒ ï¼šé‡‘å·å“çŸ¢ã€ã‚®ã‚¿ãƒ¼ï¼šåºƒå·æµä¸€(MONACA),,https://x.com/MitoTsukino,https://www.youtube.com/@TsukinoMito,https://mitotsukino.lnk.to/QKKNVDea,Tsukinomito,ì“°í‚¤ë…¸ë¯¸í† ,2025/02/12 22:35:06
207,ãŸã®ã—ãƒ,https://www.youtube.com/watch?v=fFxC7M241Ac,æ¡œè˜‚é™ã‚‹,,2024,,https://yt3.googleusercontent.com/7BFGPS9DOOnh0ru0RNvjHkhzhJIoGZIyNFTQz39d-0Kxx3L7oS2HUQBF5JIWT4dCuax79oorLQ=s160-c-k-c0x00ffffff-no-rj,Niwadu,Niwadu,Niwadu,Niwadu,,,https://x.com/utano6sing,https://www.youtube.com/@Tanocy,,Tanoshii,íƒ€ë…¸ì‹œì´,2025/02/12 22:40:19
208,MaiRï¼ˆæ˜Ÿä¹ƒã‚ã‚ï¼‰,https://www.youtube.com/watch?v=j3SoOHtV78s,GROUND-ZERO,ãƒ­ãƒƒã‚¯,2020,,https://yt3.googleusercontent.com/Xl7M38KrFz-2q8E3JXsgaZm36r4wzQyY7y-mYAk4JQUGs5JqkmUVLLx2YuB1uYGQsTGIhIsxXIw=s160-c-k-c0x00ffffff-no-rj,mampuku,mampuku,mampuku,,,,https://x.com/MaiR_Hoshino,https://www.youtube.com/@HoshinoMea,https://www.tunecore.co.jp/artists/MaiR,MaiR (Hoshino Mea),MaiR (í˜¸ì‹œë…¸ ë©”ì•„),2025/02/12 22:48:18
209,MaiRï¼ˆæ˜Ÿä¹ƒã‚ã‚ï¼‰,https://www.youtube.com/watch?v=AXRejM-ECeo,Crawler / Flyer,,2022,,https://yt3.googleusercontent.com/Xl7M38KrFz-2q8E3JXsgaZm36r4wzQyY7y-mYAk4JQUGs5JqkmUVLLx2YuB1uYGQsTGIhIsxXIw=s160-c-k-c0x00ffffff-no-rj,mampuku,mampuku,mampuku,é¦™æ¤èŒ‚æ¨¹,,,https://x.com/MaiR_Hoshino,https://www.youtube.com/@HoshinoMea,https://www.tunecore.co.jp/artists/MaiR,MaiR (Hoshino Mea),MaiR (í˜¸ì‹œë…¸ ë©”ì•„),2025/02/12 22:54:06
210,æ™‚æ¡œ,https://www.youtube.com/watch?v=cgQkoGr6vpo,one step,,2025,,https://yt3.googleusercontent.com/N0ZPhpAQUhkkPjJnGBT9J2qNwLraz-FHMeNenIxjEaeoA0oZVzdysG_a2PUse_7vKRbPev7of8s=s160-c-k-c0x00ffffff-no-rj,,ã›ã¡ã‚‡ã‚€,,ã›ã¡ã‚‡ã‚€,,,https://x.com/shikura928,https://www.youtube.com/@shikura928,,Tokizakura,ë„í‚¤ìì¿ ë¼,2025/04/13 19:56:40
211,ç¹­ç³¸,https://www.youtube.com/watch?v=lzVMdfzNJFQ,å¹³å‡¡ãªæ—¥ãŒçµ‚ã‚ã‚‹ã“ã‚,,2024,,https://yt3.googleusercontent.com/6DFnQ7ulIdCUt6KJ6chUip6UclFEXuQUFL9wj4r2LZfCmoYq9nv4zSJBq1p9vDT_-llwDY9JJw=s160-c-k-c0x00ffffff-no-rj,ç¹­ç³¸ã€Ryo'LEFTY'Miyata,Ryo'LEFTY'Miyata,Ryo'LEFTY'Miyata,,,,https://x.com/silk_mayui,https://www.youtube.com/@silk_mayui,https://lnk.to/mayui_heibonahigaowarukoro,cocoon thread,ëˆ„ì—ê³ ì¹˜ì‹¤,2025/04/13 20:03:14
212,ç¹­ç³¸,https://www.youtube.com/watch?v=3xq4OHGguZk,ã»ã—ã®è¨˜éŒ²,,2024,,https://yt3.googleusercontent.com/6DFnQ7ulIdCUt6KJ6chUip6UclFEXuQUFL9wj4r2LZfCmoYq9nv4zSJBq1p9vDT_-llwDY9JJw=s160-c-k-c0x00ffffff-no-rj,ç¹­ç³¸,ç¹­ç³¸,æ‚ å¼èŒ¶å±‹,,,,https://x.com/silk_mayui,https://www.youtube.com/@silk_mayui,https://big-up.style/Lbu1WvJfxk,cocoon thread,ëˆ„ì—ê³ ì¹˜ì‹¤,2025/04/13 20:06:31
213,ç¹­ç³¸,https://www.youtube.com/watch?v=U6brVyLm0Og,å®›ã¦ã®ãªã„äº¤ä¿¡,,2025,,https://yt3.googleusercontent.com/6DFnQ7ulIdCUt6KJ6chUip6UclFEXuQUFL9wj4r2LZfCmoYq9nv4zSJBq1p9vDT_-llwDY9JJw=s160-c-k-c0x00ffffff-no-rj,é›¨æ›‡,é›¨æ›‡,é›¨æ›‡,å®‰å…ƒ åºƒå¤¢,,,https://x.com/silk_mayui,https://www.youtube.com/@silk_mayui,https://big-up.style/SpwfZBNmU5,cocoon thread,ëˆ„ì—ê³ ì¹˜ì‹¤,2025/04/13 20:09:07
214,ç¶¿é£´ãƒ¦ã‚¦ã¡ã‚ƒã‚“,https://www.youtube.com/watch?v=G5zpzwKisBE,ãƒ¦ãƒ¡ã‚¦ãƒ„ãƒ„ã€ãƒ¦ã‚¦ã€‘ï¼ˆTAKE8 REMIXï¼‰,ãƒ€ãƒ–ã‚¹ãƒ†ãƒƒãƒ—,2024,,https://yt3.googleusercontent.com/k2WcAqzgn5lAW7viTSVHrO30LvxQZV_kVhZAjs28R6dgx1G3HKl73Zc6xwuzCOkKhf4WzKE_=s160-c-k-c0x00ffffff-no-rj,ç¶¿é£´ãƒ¦ã‚¦ã¡ã‚ƒã‚“,ç¶¿é£´ãƒ¦ã‚¦ã¡ã‚ƒã‚“,,,,å¥(ãŸã‘)â­ï¸ğŸ¹,https://twitter.com/wata_ame_yu,https://www.youtube.com/@wata_ame_yu,,wataameyuuchan,ì™€íƒ€ì•„ë©”ìœ ì°¬,2024/09/14 9:26:04
215,çŒ«åˆãŠã‹ã‚†,https://www.youtube.com/watch?v=n5CjrwnqIek,ã‚¬ã‚¶ãƒ‹ã‚¢,,2025,ãƒ›ãƒ­ãƒ©ã‚¤ãƒ–,https://yt3.googleusercontent.com/oD8ISaA35737mg-lt5mYSfOIXmjCeHYcSFFpTQn4AVMkqiyzrMle_THvX6NdfSxbjUO6fQ6_wg=s160-c-k-c0x00ffffff-no-rj,koyoriï»¿,koyoriï»¿,koyoriï»¿,,,,https://x.com/nekomataokayu,https://www.youtube.com/@NekomataOkayu,https://cover.lnk.to/IdY0Ut,Nekomata porridge,ë„¤ì½”ë§ˆíƒ€ ì£½,2025/04/13 20:16:44
216,çŒ«åˆãŠã‹ã‚†,https://www.youtube.com/watch?v=Yc2xGzGLtNA,ãƒ‡ã‚³ã‚°ãƒ©ãƒ‡ãƒ¼ã‚·ãƒ§ãƒ³,,2025,ãƒ›ãƒ­ãƒ©ã‚¤ãƒ–,https://yt3.googleusercontent.com/oD8ISaA35737mg-lt5mYSfOIXmjCeHYcSFFpTQn4AVMkqiyzrMle_THvX6NdfSxbjUO6fQ6_wg=s160-c-k-c0x00ffffff-no-rj,ç¨²è‘‰æ›‡,ç¨²è‘‰æ›‡,ç¨²è‘‰æ›‡,ä¸¸å²¡è©©ç¹”,,,https://x.com/nekomataokayu,https://www.youtube.com/@NekomataOkayu,https://cover.lnk.to/HEEQSk,Nekomata porridge,ë„¤ì½”ë§ˆíƒ€ ì£½,2025/04/13 22:58:10
217,çŒ«åˆãŠã‹ã‚†,https://www.youtube.com/watch?v=7wFKH1rFqEQ,ã‚­ã‚¹ã ã‘ã§ã„ã„ã‹ã‚‰ã­,,2025,ãƒ›ãƒ­ãƒ©ã‚¤ãƒ–,https://yt3.googleusercontent.com/oD8ISaA35737mg-lt5mYSfOIXmjCeHYcSFFpTQn4AVMkqiyzrMle_THvX6NdfSxbjUO6fQ6_wg=s160-c-k-c0x00ffffff-no-rj,ç¥å±±ç¾Š,ç¥å±±ç¾Š,ç¥å±±ç¾Š,ä¸­æ‘ç¾å¹¸(é’è‘‰å°ã‚¹ã‚¿ã‚¸ã‚ª),,,https://x.com/nekomataokayu,https://www.youtube.com/@NekomataOkayu,https://cover.lnk.to/4J6PF9,Nekomata porridge,ë„¤ì½”ë§ˆíƒ€ ì£½,2025/04/13 23:01:21
218,çŒ«åˆãŠã‹ã‚†,https://www.youtube.com/watch?v=HOmS6Kn0bn8,ãƒã‚³ã‚«ãƒ–ãƒªãƒ¼ãƒŠ,,2024,ãƒ›ãƒ­ãƒ©ã‚¤ãƒ–,https://yt3.googleusercontent.com/oD8ISaA35737mg-lt5mYSfOIXmjCeHYcSFFpTQn4AVMkqiyzrMle_THvX6NdfSxbjUO6fQ6_wg=s160-c-k-c0x00ffffff-no-rj,ãƒ”ãƒã‚­ã‚ªãƒ”ãƒ¼,ãƒ”ãƒã‚­ã‚ªãƒ”ãƒ¼,ãƒ”ãƒã‚­ã‚ªãƒ”ãƒ¼,ä¸¸å²¡è©©ç¹”,,,https://x.com/nekomataokayu,https://www.youtube.com/@NekomataOkayu,https://cover.lnk.to/NekoKaburi-Na,Nekomata porridge,ë„¤ì½”ë§ˆíƒ€ ì£½,2025/04/13 23:10:33
219,çŒ«åˆãŠã‹ã‚†,https://www.youtube.com/watch?v=Yy4_UWJTWlY,ç¥ç€ç³–,,2023,ãƒ›ãƒ­ãƒ©ã‚¤ãƒ–,https://yt3.googleusercontent.com/oD8ISaA35737mg-lt5mYSfOIXmjCeHYcSFFpTQn4AVMkqiyzrMle_THvX6NdfSxbjUO6fQ6_wg=s160-c-k-c0x00ffffff-no-rj,ç¥å±±ç¾Š,ç¥å±±ç¾Š,ç¥å±±ç¾Š,ä¸­æ‘ç¾å¹¸(é’è‘‰å°ã‚¹ã‚¿ã‚¸ã‚ª),,,https://x.com/nekomataokayu,https://www.youtube.com/@NekomataOkayu,,Nekomata porridge,ë„¤ì½”ë§ˆíƒ€ ì£½,2025/04/13 23:16:35
220,çŒ«åˆãŠã‹ã‚†,https://www.youtube.com/watch?v=3kxTU4-gxH8,Lazyroop,,2022,ãƒ›ãƒ­ãƒ©ã‚¤ãƒ–,https://yt3.googleusercontent.com/oD8ISaA35737mg-lt5mYSfOIXmjCeHYcSFFpTQn4AVMkqiyzrMle_THvX6NdfSxbjUO6fQ6_wg=s160-c-k-c0x00ffffff-no-rj,å¤ä»£å­æ˜,å¤ä»£å­æ˜,å¿«æ™´P,å¿«æ™´P,,,https://x.com/nekomataokayu,https://www.youtube.com/@NekomataOkayu,,Nekomata porridge,ë„¤ì½”ë§ˆíƒ€ ì£½,2025/04/14 22:04:54
221,æœˆåŸã‚¢ã‚ªã‚¤,https://www.youtube.com/watch?v=gWQO8OVriKA,Luster,ãƒ­ãƒƒã‚¯,2024,,https://yt3.googleusercontent.com/ltFdapEzcXykLOlWUUyI8ndpLGQoDDPK_gB2iGfh7xu95LlETjpCDqVV4QNbegNfhxyS2HJ5aw=s160-c-k-c0x00ffffff-no-rj,æ¢”ã€æœˆåŸã‚¢ã‚ªã‚¤,æ¢”,æ¢”,104C,,,https://x.com/Aoi_Tsukishiro,https://www.youtube.com/@aoitsukishiro,,Aoi Tsukishiro,ì¸ í‚¤ì‹œë¡œ ì•„ì˜¤ì´,2025/04/14 22:20:10
222,æœˆåŸã‚¢ã‚ªã‚¤,https://www.youtube.com/watch?v=Ukj1qVJjnkM,ç™½å¤œ,ãƒ­ãƒƒã‚¯,2023,,https://yt3.googleusercontent.com/ltFdapEzcXykLOlWUUyI8ndpLGQoDDPK_gB2iGfh7xu95LlETjpCDqVV4QNbegNfhxyS2HJ5aw=s160-c-k-c0x00ffffff-no-rj,Halã€æœˆåŸã‚¢ã‚ªã‚¤,Hal,Hal,104C,Guitter : Yushi,,https://x.com/Aoi_Tsukishiro,https://www.youtube.com/@aoitsukishiro,,Aoi Tsukishiro,ì¸ í‚¤ì‹œë¡œ ì•„ì˜¤ì´,2025/04/14 22:23:59
223,å¤¢ã·ã‹ã‚Š,https://www.youtube.com/watch?v=cYlncNotzGI,Abisarize,,2024,,https://yt3.googleusercontent.com/-vg9yFtnMHPo3uOjT3BlA2W_WqjT4xP5et7pvV4pmkCNZ2CNQVixS4JfE_uAugN9zVdMbQucusw=s160-c-k-c0x00ffffff-no-rj,big saito,big saito,big saito,KosK,,,https://x.com/yumepukari,https://www.youtube.com/@yumepukari,,Dream Pukari,ë“œë¦¼ í‘¸ì¹´ë¦¬,2025/04/14 22:28:00
224,æ‹ç„ãŠã¨ã­,https://www.youtube.com/watch?v=xxFLtWvxgAM,ãƒˆãƒ¼ãƒãƒ©ã‚¤ãƒˆ -torchlight-,,2024,,https://yt3.googleusercontent.com/wSM4orVzwxQNdOCVvQOCz7RlqIuLyDOvtjBy-ui5vAARcIe0eLdc8dK7cLo8Kg3DqcWWt0fsaA=s160-c-k-c0x00ffffff-no-rj,åœ’ç”° å„ª,åœ’ç”° å„ª,åœ’ç”° å„ª,åœ’ç”° å„ª,,,https://x.com/Otone_Rengoku,https://www.youtube.com/@otone_rengoku,,Koigoku Otone,ì½”ì´ê³ ì¿  ì˜¤í† ë„¤,2025/04/14 22:31:20
225,æ‹ç„ãŠã¨ã­,https://www.youtube.com/watch?v=KJ7UnLLAXc4,Lolz,,2023,,https://yt3.googleusercontent.com/wSM4orVzwxQNdOCVvQOCz7RlqIuLyDOvtjBy-ui5vAARcIe0eLdc8dK7cLo8Kg3DqcWWt0fsaA=s160-c-k-c0x00ffffff-no-rj,DJ CAD,DJ CAD,DJ CAD,æ‰‹,,,https://x.com/Otone_Rengoku,https://www.youtube.com/@otone_rengoku,,Koigoku Otone,ì½”ì´ê³ ì¿  ì˜¤í† ë„¤,2025/04/14 22:33:57
226,Ridel.,https://www.youtube.com/watch?v=N-blnoEO_d4,å°‘å¥³è’é›†,ãƒ­ãƒƒã‚¯,2024,,,æœ‰èŠ½ã†ã¤ã¤,æœ‰èŠ½ã†ã¤ã¤,æœ‰èŠ½ã†ã¤ã¤,ã¨ã†ãµMIX,,,https://x.com/Ridel2022,https://www.youtube.com/@Ridel.Vsinger,,Ridel.,ë¦¬ë¸.,2025/04/17 22:18:55
227,Ridel.,https://www.youtube.com/watch?v=nBVpD-TW7YI,ã‚‰ã³ã‚‰ã³ï¼ã‚‰ã³ã«ã‚…Ridel.çµ„,ãƒ­ãƒƒã‚¯,2024,,,Eugenics Scarlet Divinity,Eugenics Scarlet Divinity,Eugenics Scarlet Divinity,ã‚­ãƒ¥ã‚¦,,,https://x.com/Ridel2022,https://www.youtube.com/@Ridel.Vsinger,https://linkco.re/ANxHgcQh?lang=ja,Ridel.,ë¦¬ë¸.,2025/04/17 22:21:26
228,æ£®é‡ã‚ã‚‹ã‚“,https://www.youtube.com/watch?v=anZYNgZh-bg,Magic of Smile,,2024,,,ãƒ†ã‚·ãƒ,ãƒ†ã‚·ãƒ,ãƒ†ã‚·ãƒ,å¦ƒèˆ ã‚†ã«ã“,,,https://x.com/MerunMorino,https://www.youtube.com/@MerunCh,,Morino Merun,ëª¨ë¦¬ë…¸ ë©”ë£¬,2025/04/17 22:24:02
229,æ£®é‡ã‚ã‚‹ã‚“,https://www.youtube.com/watch?v=uzClh6zFrBc,ã‚ˆãã°ã‚Šâ™¥ã›ã‚“ã›ãƒ¼ã—ã‚‡ã‚“,,2024,,,MOLNA,NEON,NEON,,,,https://x.com/MerunMorino,https://www.youtube.com/@MerunCh,,Morino Merun,ëª¨ë¦¬ë…¸ ë©”ë£¬,2025/04/17 22:26:06
230,æ£®é‡ã‚ã‚‹ã‚“,https://www.youtube.com/watch?v=--zm6W84k0E,With you,,2023,,,ãƒ†ã‚·ãƒ,ãƒ†ã‚·ãƒ,ãƒ†ã‚·ãƒ,,,,https://x.com/MerunMorino,https://www.youtube.com/@MerunCh,,Morino Merun,ëª¨ë¦¬ë…¸ ë©”ë£¬,2025/04/17 22:27:45
231,å’²æ¥å¸Œã€…,https://www.youtube.com/watch?v=FdTmPYYRdrU,å¤èŠ±-Natsuhana-,,2022,,,å’²æ¥å¸Œã€…,hossymusic,hossymusic,hossymusic,,,https://x.com/sakuranono_v,https://www.youtube.com/@sakuranono,,Nozomi Sakaki,ì‚¬ì¹´í‚¤ ë…¸ì¡°ë¯¸,2025/04/17 22:30:30
232,å’²æ¥å¸Œã€…,https://www.youtube.com/watch?v=k8dkyxcrbTc,Start UP!!,,2023,,,å’²æ¥å¸Œã€…ã€Câˆ€OLI,hossymusic,hossymusic,hossymusic,,,https://x.com/sakuranono_v,https://www.youtube.com/@sakuranono,,Nozomi Sakaki,ì‚¬ì¹´í‚¤ ë…¸ì¡°ë¯¸,2025/04/17 22:32:40
233,å’²æ¥å¸Œã€…,https://www.youtube.com/watch?v=2Aih-m-L8Yw,ã«ã‚‡ã‚“Streamã´ã‚‡ã‚“Life,,2024,,,ã˜ã‚…ã‚“åŠ/å’²æ¥å¸Œã€…,ã˜ã‚…ã‚“åŠ,ã˜ã‚…ã‚“åŠ,ã¦ãŒã,,,https://x.com/sakuranono_v,https://www.youtube.com/@sakuranono,,Nozomi Sakaki,ì‚¬ì¹´í‚¤ ë…¸ì¡°ë¯¸,2025/04/17 22:34:41
234,èŠ±å† ã‚ã‚€ã‚‹,https://www.youtube.com/watch?v=yM_KPQMIMKM,Memories bouquet,,2024,ã‚ã‚ãµãƒã«ã¦ãƒ,,é‡‘å±±ç§€å£«ãƒ»èŠ±å† ã‚ã‚€ã‚‹,é‡‘å±±ç§€å£«,é‡‘å±±ç§€å£«,Link Studio,Guitarï¼šæ²¢é ­ãŸã‹ã—,,https://x.com/Kamuri_Amuru,https://www.youtube.com/@Kamuri_Amuru,,Amur flower crown,ì•„ë¬´ë¥´ ê½ƒ ì™•ê´€,2025/04/17 22:37:43
235,èŠ±å† ã‚ã‚€ã‚‹,https://www.youtube.com/watch?v=585Z-9d0Y_k,ãã¿ã®ã“ã¨ã€‚,,2024,ã‚ã‚ãµãƒã«ã¦ãƒ,,æ±æ¡ã‚µãƒ€ãƒ²ãƒ»èŠ±å† ã‚ã‚€ã‚‹,æ±æ¡ã‚µãƒ€ãƒ²,æ±æ¡ã‚µãƒ€ãƒ²,,,,https://x.com/Kamuri_Amuru,https://www.youtube.com/@Kamuri_Amuru,,Amur flower crown,ì•„ë¬´ë¥´ ê½ƒ ì™•ê´€,2025/04/17 22:39:51
236,èŠ±å† ã‚ã‚€ã‚‹,https://www.youtube.com/watch?v=GxHDEbgB0LI,#å¤©ä¸‹ç„¡æ•µã®ãŠã‚Šã“ã†ã•ã‚“ãƒ­ãƒªãƒ‰ãƒ©ã‚´ãƒ³VTuberã®èŠ±å† ã‚ã‚€ã‚‹ã¡ã‚ƒã‚“ã¯ä»Šæ—¥ã‚‚å¯æ„›ã„,,2024,ã‚ã‚ãµãƒã«ã¦ãƒ,,john=hiveï¼ˆå…«æœˆäºŒé›ªï¼‰,ã‚³ãƒãƒ¤ã‚·ãƒ¦ã‚¦ãƒ¤ï¼ˆIOSYSï¼‰,ã‚³ãƒãƒ¤ã‚·ãƒ¦ã‚¦ãƒ¤ï¼ˆIOSYSï¼‰,,ã‚®ã‚¿ãƒ¼ï¼šä¸‰æµ¦å…¬ç´€,,https://x.com/Kamuri_Amuru,https://www.youtube.com/@Kamuri_Amuru,,Amur flower crown,ì•„ë¬´ë¥´ ê½ƒ ì™•ê´€,2025/04/17 22:42:16
237,æ¡ƒç”°ã‚‚ã‚‚,https://www.youtube.com/watch?v=BeIE4GY5zHQ,ã‚ã“ãŒã‚Œï¼æœªæ¥ï¼ãã¿ã¨ï¼,,2022,,,æ¡ƒç”°ã‚‚ã‚‚,ãƒ‹ãƒ¼ãƒãƒ³ãƒãƒ«,ãƒ‹ãƒ¼ãƒãƒ³ãƒãƒ«,MA-Yoi,Guitarï¼Rakuãƒ»Bassï¼ãƒ‹ãƒ¼ãƒãƒ³ãƒãƒ«ãƒ»Pianoï¼å¤šè©°,,https://x.com/Momotamomo_0303,https://www.youtube.com/@-MomotaMomo-,https://linkco.re/Ddn7x9aS,Momo Momota,ëª¨ëª¨íƒ€ ëª¨ëª¨íƒ€,2025/04/17 22:45:25
238,å¤©æ°´ã‚ãŠã„,https://www.youtube.com/watch?v=VMtIaazHYN4,ãƒ©ãƒ™ãƒ³ãƒ€ãƒ¼ã‚¯ã‚©ãƒ¼ãƒ„,,2025,ArtPoolRecords,,å¤©æ°´ã‚ãŠã„,5UB ORCA,5UB ORCA,MAKE,,,https://x.com/aoi_amamizu,https://www.youtube.com/@amamizu_aoi,,Aoi Amami,ì•„ë§ˆë¯¸ ì•„ì˜¤ì´,2025/04/17 22:48:54
239,çœç™½ã‹ã®ã‚“,https://www.youtube.com/watch?v=EQQmrakxHb4,HAPPYâ™¡Key Maker,,2022,,,ã“ã¨ã®,ãƒŸãƒ„ã‚­ãƒ¨,ãƒŸãƒ„ã‚­ãƒ¨,,,,https://x.com/mashiro_kqnon,https://www.youtube.com/@mashirokanon,,Mashiro Kanon,ë§ˆì‹œë¡œ ì¹´ë…¼,2025/04/17 22:51:22
240,æœˆãƒç¾å…,https://www.youtube.com/watch?v=jto43gM7Q5w,ã¿ã¨ã‚‰ã˜ã‚®ãƒ£ãƒ©ã‚¯ãƒ†ã‚£ã‚«,,2024,ã«ã˜ã•ã‚“ã˜,,ä¸ƒæ¡ãƒ¬ã‚¿ã‚¹ / ã¾ã‚ã‚“,ARM,ARM,,,,https://x.com/MitoTsukino,https://www.youtube.com/@TsukinoMito,,Tsukinomito,ì“°í‚¤ë…¸ë¯¸í† ,2025/04/17 22:55:09